지역,장소,분류,거점,휠체어_판정,근거유형,근거요약,주의사항,엘리베이터,장애인화장실,장애인주차,유모차,언급글수,위도,경도,대표출처
경주,플래시백계림,문화시설,보문,가능,방문 후기,매표소 왼쪽에 휠체어 대여소와 물품보관함이 마련된 실내 전시관,,,,,,20,35.844697,129.290072,https://blog.naver.com/gildong_zip/224386893394
경주,라한셀렉트 경주,숙박,보문,가능,방문 후기,카드키 받은 뒤 엘리베이터로 객실까지 이동하는 가족 호텔,휠체어 이동 직접 서술은 없음,있음,,,,15,35.85032,129.277023,https://blog.naver.com/barozigum/224379296483
경주,풀잎채 경주보문점,식당,보문,가능,방문 후기 + 업체 표기,"2층 매장이나 엘리베이터 있음, 화장실·출입구·좌석 휠체어 가능",,있음,있음,있음,,13,35.83452,129.289884,https://blog.naver.com/kikimora40/224368269390
경주,정글미디어파크,문화시설,보문,부분,방문 후기 + 업체 표기,"좌석 휠체어 가능 표기, 입구 별도 경사로 없어 인도로 우회","별도 경사로 없음, 주차장에서 인도로 돌아가야 함",,,,어려움,9,35.839589,129.290898,https://blog.naver.com/ekfhd0602/224205184947
경주,수제팥집호문당,식당,보문,부분,방문 후기 + 업체 표기,"1층 출입 휠체어 가능 표기, 2층은 계단만 있어 이용 어려움",2층 가는 길은 계단뿐,,,있음,어려움,9,35.844697,129.290072,https://blog.naver.com/twelveg/224362763129
경주,조르바,카페,황리단길,불가,방문 후기,"황리단길 입구 건물 2층 매장, 엘리베이터 없이 계단으로만 이동",계단만 있음,없음,,,,7,35.839494,129.208749,https://blog.naver.com/wndus093/224306472249
경주,바니베어뮤지엄,문화시설,보문,가능,방문 후기,"휠체어 대여 가능, 장애인 화장실과 엘리베이터가 있는 실내 박물관",,있음,있음,,,7,35.852087,129.27685,https://blog.naver.com/petal2186/224377353147
경주,하운드호텔 경주불국사,숙박,불국사,가능,방문 후기,4층 규모 호텔로 엘리베이터를 이용해 객실층까지 이동 가능,휠체어 이동 직접 서술은 없음,있음,,,,5,35.785664,129.325444,https://blog.naver.com/sstar_bora/224192857947
경주,딤타오 경주점,식당,황리단길,가능,방문 후기,입구 경사로와 여닫이 자동문이 있어 휠체어·유모차 진입 가능,매장이 좁은 편,,,,가능,4,35.836723,129.208704,https://blog.naver.com/hahammi/224146711285
경주,올바릇식당,식당,보문,부분,방문 후기,휠체어 동반 이용 가능하나 일부 높은 부분 있고 장애인 화장실 없음,"장애인 전용 화장실 없음, 좌석 위치 참고",,,,,4,35.847274,129.280149,https://blog.naver.com/dgskyroad/224184905276
경주,스컹크웍스,카페,황리단길,가능,방문 후기,카페 내부에 엘리베이터가 있어 층간 이동이 편리하다는 방문 후기,,있음,,,,3,35.835597,129.210037,https://blog.naver.com/heeand_ch/224108787116
경주,에이치에비뉴 경주불국사점,숙박,불국사,가능,방문 후기,"휠체어 이용자가 일반객실 숙박, 넓은 신축 호텔, 엘리베이터 있음",배리어프리룸 아닌 일반객실 이용 후기,있음,,,,3,35.783398,129.323537,https://blog.naver.com/dgskyroad/223635819525
경주,양지다방,카페,황리단길,불가,방문 후기 + 업체 표기,정보란의 휠체어 가능 표기와 달리 실제 입구는 계단으로 되어 있음,"요청 시 경사로 설치 가능성, 사전 문의 필요",,,,,2,35.83727,129.209207,https://blog.naver.com/sudynangy/224010207646
경주,호반오리,식당,불국사,가능,방문 후기,입구 경사로가 있어 휠체어·유모차 출입이 쉬웠고 내부는 전부 입식,,,,,가능,1,35.786021,129.326526,https://blog.naver.com/daydreamizer/224126243413
경주,대게가,식당,보문,가능,방문 후기,"휠체어 이동 편하다는 실제 방문 후기, 영화관 건물 내 위치",,,,,,1,35.839574,129.290882,https://blog.naver.com/theamorfatilife/224104788134
경주,경주고깃간,식당,보문,불가,방문 후기,건물 2층에 있으나 엘리베이터가 없어 계단으로만 올라가야 함,계단만 있음,없음,,,어려움,1,35.847418,129.280933,https://blog.naver.com/ims199010/224371219444
경주,워터도트 티룸,카페,동궁과월지,가능,방문 후기,2층에 있는 찻집이지만 엘리베이터가 있고 건물 앞 주차 공간 있음,,있음,,,,1,35.841526,129.220612,https://blog.naver.com/tmfrlx852/224316910780
경주,플레이스씨,문화시설,황리단길,가능,방문 후기,입구 경사로로 휠체어·유모차 이동 수월한 배리어프리 동선,,,,,가능,1,35.826234,129.206613,https://blog.naver.com/jh29397/224156444676
경주,1894사랑채,카페,황리단길,가능,방문 후기,입구가 경사로로 되어 있어 휠체어 진입 좋은 한옥 카페,,,,,,1,35.836184,129.211909,https://blog.naver.com/pinkplumblog/224092387648
경주,경주동,식당,황리단길,가능,업체 표기만,편의시설 정보에 휠체어 가능으로 표기된 황리단길 초입 일식집,,,,,,117,35.838442,129.209388,https://blog.naver.com/hyeonss6408/224422086188
경주,보문호,관광명소,보문,가능,업체 표기만,"장애인 화장실·주차장 있고 주요 이동로 턱 없음, 전동화키트 대여",휠체어·유모차 대여는 불가,,있음,있음,,94,35.844606,129.277538,https://bkeeping.tistory.com/43
경주,국립경주박물관,문화시설,동궁과월지,가능,업체 표기만,편의시설로 유모차와 휠체어를 무료 대여할 수 있는 박물관,,,,,가능,61,35.829234,129.22795,https://blog.naver.com/smfdusdnjf/224368879431
경주,원더스페이스 경주보문점,관광명소,보문,가능,업체 표기만,업체 정보에 화장실·출입구·주차구역 휠체어 이용 가능으로 표기,,,있음,있음,,13,35.847168,129.282968,https://blog.naver.com/hyun96hyun/224252569440
경주,한다솥 경주점,식당,동궁과월지,가능,업체 표기만,"출입구·좌석 휠체어 이용 가능 표기, 한옥 1·2층 매장",,,,,,8,35.833324,129.214513,https://blog.naver.com/aact11/224235827381
경주,황남밀면,식당,황리단길,가능,업체 표기만,여러 후기 정보란에 출입구·좌석 휠체어 이용 가능으로 표기된 밀면집,,,,,,7,35.836139,129.210746,https://blog.naver.com/mipo7943/223806580539
경주,황남빵,식당,황리단길,가능,업체 표기만,"업체 정보에 출입구 휠체어 이용 가능, 장애인 주차구역 있음 표기",,,,있음,,5,35.84084,129.213644,https://blog.naver.com/kikiki9895/224422592093
경주,힐튼호텔 경주,숙박,보문,가능,업체 표기만,"업체 정보에 휠체어 이용 가능 표기, 장애인 주차구역 있음",,,,있음,,4,35.839976,129.285757,https://blog.naver.com/oneul_gogo/224263914284
경주,도화당,식당,동궁과월지,가능,업체 표기만,"업체 정보에 좌석 휠체어 이용 가능, 장애인 주차구역 있음 표기",,,,있음,,4,35.83643,129.2177,https://blog.naver.com/gsh8099/224368142866
경주,서민식당,식당,보문,가능,업체 표기만,"업체 정보에 휠체어 이용 가능 표기, 자체 무료 주차장 운영",,,,,,3,35.833687,129.292156,https://blog.naver.com/cabodaroc/224281459676
경주,비비비당 경주,카페,보문,가능,업체 표기만,업체 정보에 화장실·출입구·좌석 모두 휠체어 이용 가능으로 표기,,,있음,,,2,35.841345,129.285988,https://blog.naver.com/ybs5275160/224100205151
경주,보문갈비,식당,보문,가능,업체 표기만,편의시설 정보에 휠체어 이용 가능으로 표기된 보문단지 갈비집,,,,,,2,35.837017,129.28533,https://blog.naver.com/djdrmadjdrma_/224253614254
경주,올리브,카페,황리단길,가능,업체 표기만,"매장 내부 휠체어 접근 용이, 장애인 전용 화장실 있음",,,있음,,,2,35.837371,129.209055,https://blog.naver.com/alice-220/224382845523
경주,경주대게닭강정,식당,황리단길,가능,업체 표기만,편의시설 정보에 출입구 휠체어 이용 가능으로 표기된 닭강정집,,,,,,1,35.836544,129.209766,https://blog.naver.com/slqkqhsk/224338818918
경주,내류사,카페,불국사,가능,업체 표기만,"업체 정보에 휠체어 이용 가능 표기, 가게 앞 주차 4~5대 가능",,,,,,1,35.785378,129.328659,https://blog.naver.com/clairezin/224231880281
경주,황리단스테이,숙박,황리단길,가능,업체 표기만,"업체 정보에 출입구 휠체어 이용 가능 표기, 무료 주차 가능",,,,,,1,35.841634,129.214973,https://blog.naver.com/yuj1203/224286500020
전주,전주난장,문화시설,한옥마을,부분,방문 후기,층간 이동이 경사로지만 가파르고 비 오면 미끄러움,"경사로 가파름, 우천 시 미끄러움, 일부 포토존은 계단",,,,,16,35.81853,127.152556,https://blog.naver.com/jsey0ung/224283515877
전주,평화와평화,카페,한옥마을,불가,방문 후기,오래된 건물로 엘리베이터 없이 계단으로만 올라감,"계단만 있음, 입구 찾기 어려움",없음,,,,14,35.817052,127.144878,https://blog.naver.com/oosiz0403/224404791349
전주,이르리,카페,한옥마을,가능,방문 후기,옆쪽 별관 경사로로 휠체어·유모차 진입 권장,본관 대신 옆쪽 별관으로 입장,,,,가능,11,35.813797,127.152846,https://blog.naver.com/you9013593/224233263164
전주,어진박물관,문화시설,한옥마을,가능,방문 후기 + 업체 표기,내부 엘리베이터 있어 휠체어·유모차 관람 가능,,있음,,,가능,8,35.816249,127.149324,https://blog.naver.com/hloveh01/224374506208
전주,전주한옥마을 전망대카페,카페,한옥마을,가능,방문 후기,"건물 오른쪽 경사로로 진입, 엘리베이터로 3층 카페 이동","정면은 계단, 오른쪽 경사로 이용; 카페는 3층",있음,,,,5,35.817771,127.153917,https://blog.naver.com/komkom_twins/223676138456
전주,전주관광호텔꽃심,숙박,한옥마을,가능,방문 후기,"장애인 객실 문턱 없고 호출벨 설치, 주차 가능",,,,있음,,4,35.817762,127.146768,https://nanika123.tistory.com/442
전주,풍남가족호텔,숙박,객사,가능,방문 후기,"입구와 객실 화장실 턱 없음, 장애인 이용객실 있음",장애인 객실을 반려동물 전용으로도 운영하는 듯,,있음,,,2,35.818434,127.140193,https://blog.naver.com/gyxung/224008751563
전주,전주한옥태조궁호텔,숙박,한옥마을,가능,방문 후기,정면은 계단이나 왼편에 경사로 있어 진입 가능,"정면 계단, 왼편 경사로 이용; 자체 주차 부족",,,,,2,35.815155,127.14351,https://blog.naver.com/gtedhsdo/224285125386
전주,해율담,식당,한옥마을,가능,업체 표기만,"편의시설에 좌석 휠체어 이용 가능 표기, 유료 주차 가능",출입구 휠체어 정보 없음,,,있음,,44,35.82014,127.14807,https://blog.naver.com/chaegwang-/223772944054
전주,자매갈비전골,식당,한옥마을,가능,업체 표기만,"편의시설에 좌석 휠체어 이용 가능 표기, 주차 5대 가능","출입구 휠체어 정보 없음, 주차 공간 적음",,,있음,,7,35.819845,127.153452,https://blog.naver.com/rachel2012/224358150943
전주,풍남정,식당,한옥마을,가능,업체 표기만,"업체 정보상 출입구 휠체어 이용 가능, 전용 주차장 없음","전용 주차장 없음, 남부시장 공영주차장 이용",,,,,3,35.81397,127.14904,https://blog.naver.com/artzrock/223978192240
전주,피콜로,식당,객사,가능,업체 표기만,"업체 정보상 출입구 휠체어 이용 가능, 유료 주차",,,,있음,,3,35.8182,127.139422,https://blog.naver.com/byeol_haly/223879851916
전주,이비스 스타일 앰배서더 전주,숙박,한옥마을,가능,업체 표기만,"업체 정보상 휠체어 이용 가능, 넓은 주차장",,,,있음,,3,35.820722,127.144322,https://blog.naver.com/rodeor33/223733223233
전주,메르밀진미집 본점,식당,한옥마을,가능,업체 표기만,업체 편의시설에 출입구 휠체어 이용 가능 표기,,,,,,2,35.811098,127.150418,https://blog.naver.com/bg7609/224301740093
전주,마래당,카페,객사,가능,업체 표기만,"업체 정보상 휠체어 이용 가능, 옆 유료주차장",,,,있음,,2,35.819303,127.142651,https://blog.naver.com/aiaiai77787/223705372473
전주,노트릭,카페,객사,가능,업체 표기만,"업체 정보상 휠체어 이용 가능, 주차 가능",,,,있음,,1,35.820762,127.140533,https://blog.naver.com/busansyrup/224132551310
전주,어시장,식당,객사,가능,업체 표기만,업체 정보상 출입구·좌석 휠체어 이용 가능,"전용 주차장 없음, 맞은편 유료 중앙주차장",,,,,1,35.818085,127.139236,https://blog.naver.com/0574s2/224408782097
강릉,안목해변,관광명소,안목,가능,방문 후기,"백사장 위 무장애 데크로드 설치, 휠체어·유모차 접근 가능",,,,,가능,283,37.772262,128.948275,https://blog.naver.com/hongtea1222/224367411821
강릉,경포아쿠아리움,문화시설,경포,가능,방문 후기,"매표소 휠체어·유모차 대여, 경사로 있어 이용 편리",,,,,가능,70,37.790807,128.90637,https://blog.naver.com/s_eola/224410924909
강릉,스카이베이호텔 경포,숙박,경포,가능,방문 후기,"호텔 입구 옆 엘리베이터, 주차장에서 로비까지 엘리베이터 이동","엘리베이터 근거만 있음, 휠체어 직접 언급 없음",있음,,,,39,37.80431,128.90774,https://blog.naver.com/isabella2026/224390599932
강릉,에이엠브레드,카페,안목,가능,방문 후기,"3층 매장, 엘리베이터 있어 유모차 이동 편리","엘리베이터 근거만 있음, 휠체어 직접 언급 없음",있음,,,가능,29,37.772371,128.947533,https://blog.naver.com/ggoso__/224395957459
강릉,강릉역옹막,식당,강릉역,불가,방문 후기,입구 계단 있어 휠체어 이용객은 경사로 있는 회산점 권장,"입구 계단, 테이블 간격 좁음",,,,어려움,23,37.762602,128.902508,https://blog.naver.com/onsussi/224035688777
강릉,테라로사 경포호수점,카페,경포,부분,방문 후기,"경사로로 1층 휠체어 이용 가능, 2층은 계단",2층은 계단,,,,가능,22,37.78785,128.907489,https://blog.naver.com/sjhi12/224403851301
강릉,아르떼뮤지엄 강릉,문화시설,경포,가능,방문 후기,휠체어·유모차 대여 가능한 실내 전시관,,,,,가능,15,37.791698,128.907534,https://blog.naver.com/jdjjky/224376752150
강릉,당신의안목 주문진점,숙박,주문진,가능,방문 후기,주차장 및 건물 엘리베이터 이용 가능한 오션뷰 펜션,"엘리베이터 근거만 있음, 휠체어 직접 언급 없음",있음,,있음,,13,37.899081,128.833658,https://blog.naver.com/goodday_tomorrow/224401595444
강릉,카페제니엘,카페,주문진,불가,방문 후기,매장이 2층이고 엘리베이터 없어 계단으로만 이동,"엘리베이터 없음, 2층 매장 계단만",없음,,,어려움,13,37.894358,128.833886,https://blog.naver.com/thorn9652/224381291226
강릉,강릉역옹막 안목점,식당,안목,가능,방문 후기,"휠체어·유모차 이동 가능한 경사로 설치, 주차장 넓음",,,,있음,가능,7,37.772998,128.944391,https://blog.naver.com/rooroo___/224376691187
강릉,강릉샌드 안목해변점,식당,안목,가능,방문 후기,엘리베이터로 편하게 올라가 오션뷰 이용,"엘리베이터 근거만 있음, 휠체어 직접 언급 없음",있음,,,,7,37.773046,128.946628,https://blog.naver.com/iclick62/224174437284
강릉,강원옥찹쌀떡 안목해변점,카페,안목,가능,방문 후기,"매장 안쪽 엘리베이터로 층간 이동, 유모차 가능","엘리베이터 근거만 있음, 휠체어 직접 언급 없음",있음,,,가능,7,37.773046,128.946628,https://blog.naver.com/hwigenie/224312639215
강릉,미르마르,카페,안목,가능,방문 후기,"5층 단독건물, 엘리베이터 있음","엘리베이터 근거만 있음, 휠체어 직접 언급 없음",있음,,,,6,37.772494,128.947258,https://blog.naver.com/effy_ey/224399421376
강릉,당신의안목펜션,숙박,안목,가능,방문 후기,건물 입구에 엘리베이터 있어 이동 편리,"엘리베이터 근거만 있음, 휠체어 직접 언급 없음",있음,,있음,,6,37.773386,128.946012,https://blog.naver.com/tpfus921111/224351417650
강릉,번패티번 강릉DT,식당,안목,가능,방문 후기 + 업체 표기,"출입구부터 좌석까지 휠체어 이용 가능, 넓은 주차장",,,,있음,,6,37.775654,128.941612,https://blog.naver.com/mooyyaho/224395974780
강릉,커피아메리카,카페,안목,가능,방문 후기,엘리베이터로 4층 펫존까지 이동 가능,"엘리베이터 근거만 있음, 휠체어 직접 언급 없음",있음,,,,5,37.771003,128.949426,https://blog.naver.com/lovely_jjanga/224422172369
강릉,테이블101,식당,안목,가능,방문 후기,"입구 턱 경사로, 엘리베이터로 2층 휠체어 이동 가능",,있음,,,,5,37.772262,128.942903,https://blog.naver.com/haneul4865/224080660853
강릉,하이오션 경포,숙박,경포,가능,방문 후기,"계단·턱 없이 엘리베이터로 이동, 주차 편리",,있음,,있음,,5,37.80377,128.903905,https://blog.naver.com/park9_34/224373413495
강릉,삼교리동치미막국수 남항진점,식당,안목,가능,방문 후기 + 업체 표기,"입구 경사로 있어 휠체어·유모차 접근 좋음, 출입구·좌석 휠체어 가능",,,,있음,가능,4,37.765593,128.952571,https://blog.naver.com/hiddenmoments/224001407665
강릉,해광호매운탕,식당,안목,가능,방문 후기 + 업체 표기,"입구 경사로 있어 휠체어 진입 쉬움, 출입구 휠체어 이용 가능",,,,,가능,4,37.772708,128.946206,https://blog.naver.com/holaluna-/224134031797
강릉,효레의식당 안목점,식당,안목,가능,방문 후기 + 업체 표기,"3층 매장, 엘리베이터 있고 출입구·좌석 휠체어 가능, 장애인 주차구역",,있음,,있음,,4,37.771308,128.948523,https://blog.naver.com/yuj1203/224276500084
강릉,카페베네 강릉안목점,카페,안목,가능,방문 후기,"1~3층 매장, 엘리베이터로 층간 이동 편리","엘리베이터 근거만 있음, 휠체어 직접 언급 없음",있음,,,,2,37.770813,128.949704,https://blog.naver.com/ebeblog/224355502206
강릉,파로돈까스,식당,안목,가능,방문 후기,5층까지 엘리베이터로 이동 가능,"엘리베이터 근거만 있음, 휠체어 직접 언급 없음",있음,,,,2,37.771325,128.948569,https://blog.naver.com/dream_die/224352786155
강릉,스테이안목을담다,숙박,안목,가능,방문 후기,"6층 건물, 엘리베이터로 객실 이동","엘리베이터 근거만 있음, 휠체어 직접 언급 없음",있음,,,,2,37.772887,128.94688,https://blog.naver.com/limtf/224397161484
강릉,강릉월화거리,관광명소,강릉역,가능,방문 후기,계단 옆에 경사로가 함께 조성된 거리,,,,,,2,37.75591,128.897497,https://blog.naver.com/jssim1964/224402706621
강릉,해성횟집,식당,안목,가능,방문 후기,넓은 엘리베이터로 휠체어·유모차 2층 이동 편함,,있음,,,가능,1,37.770535,128.951158,https://blog.naver.com/highflyingseagull/224339398523
강릉,정은숙초당순두부,식당,경포,가능,방문 후기,정문은 돌계단이나 대기실 쪽 경사로로 휠체어 진입 가능,"정문 돌계단, 대기실 쪽 경사로 이용",,,,가능,1,37.790716,128.912004,https://blog.naver.com/vertueuse/224219167540
강릉,호텔메모리,숙박,주문진,가능,방문 후기,휠체어 진입 가능한 숙소로 전화 확인 후 이용,,,,,,1,37.888467,128.825197,https://blog.naver.com/sworker1/221360804630
강릉,호텔랑,숙박,경포,가능,방문 후기,"오션뷰 숙소, 엘리베이터 있음","엘리베이터 근거만 있음, 휠체어 직접 언급 없음",있음,,,,1,37.799954,128.913046,https://blog.naver.com/dlwh134/224367900646
강릉,스테이수안,숙박,주문진,가능,방문 후기,숙소 내 엘리베이터 있고 주차 편리,"엘리베이터 근거만 있음, 휠체어 직접 언급 없음",있음,,있음,,1,37.902976,128.828933,https://blog.naver.com/dnjsgo852/224262798747
강릉,호수정,식당,경포,가능,방문 후기,건물 앞 계단과 완만한 경사로 함께 설치,,,,,,1,37.796881,128.896049,https://blog.naver.com/tlsduwls57/224118824757
강릉,월량화,카페,안목,가능,방문 후기,"입구에 계단이나 턱 없어 유모차 진입 편함, 내부 넓음",,,,있음,가능,1,37.762561,128.939583,https://blog.naver.com/worklifeblending/224393671988
강릉,남경막국수,식당,주문진,가능,업체 표기만,"좌석 휠체어 이용 가능, 건물 뒤 전용 주차장",,,,있음,,13,37.898315,128.833526,https://blog.naver.com/tn-qls-/224383496457
강릉,주문활게,식당,주문진,가능,업체 표기만,"휠체어 이용 가능 표기, 자체 주차장 운영",,,,있음,,10,37.889511,128.828502,https://blog.naver.com/soojchun/223729355522
강릉,까치칼국수,식당,강릉역,가능,업체 표기만,"출입구 휠체어 출입 가능, 가게 앞 공영주차장 이용",,,,있음,,7,37.768585,128.905197,https://blog.naver.com/cjswlgml99/224337352342
강릉,강릉카페 체크이스트,카페,강릉역,가능,업체 표기만,"좌석 휠체어 이용 가능, 장애인 주차구역, 넓은 무료 주차",,,,있음,,7,37.766176,128.91293,https://blog.naver.com/pr8333/224383814656
강릉,주문진백년횟집,식당,주문진,가능,업체 표기만,"화장실·출입구·좌석 휠체어 이용 가능, 주차 가능",,,있음,있음,,7,37.8891,128.828509,https://blog.naver.com/twinkle_dough/224404574224
강릉,해안미식,식당,안목,가능,업체 표기만,휠체어 이용 가능 표기,,,,,,5,37.77188,128.947051,https://blog.naver.com/rokey104/224342927106
강릉,강릉순두부장칼국수,식당,강릉역,가능,업체 표기만,"출입구 휠체어 이용 가능, 협소한 주차 가능",주차 협소,,,있음,,4,37.76556,128.902298,https://blog.naver.com/pmjzz8949/224388676168
강릉,바로방,식당,강릉역,가능,업체 표기만,출입구 출입 및 좌석 휠체어 이용 가능 표기,,,,,,3,37.757581,128.899305,https://blog.naver.com/happypjj1004/224014719818
강릉,강릉국시집,식당,강릉역,가능,업체 표기만,"출입구·좌석 휠체어 이용 가능, 인근 공영주차장 무료",,,,있음,,2,37.759764,128.896912,https://blog.naver.com/sun_ovo/223909930910
강릉,톰스비스트로 강릉점,식당,경포,가능,업체 표기만,휠체어 이용 가능 편의시설 표기,,,,,,2,37.804509,128.904955,https://blog.naver.com/rokey104/224350601063
강릉,산마루황태촌,식당,주문진,가능,업체 표기만,"출입구 휠체어 이용 가능, 매장 뒤 넓은 주차장",,,,있음,,2,37.88563,128.828679,https://blog.naver.com/yrday/224273600713
강릉,강릉불고기 초당점,식당,경포,가능,업체 표기만,가게 출입구에 긴 경사로 설치,,,,,,2,37.788207,128.908796,https://cultural-facilities.sailing-blog.click/1677
강릉,남향막국수 본점,식당,경포,가능,업체 표기만,출입구 휠체어 이용 가능 표기,,,,,,1,37.797989,128.89489,https://blog.naver.com/ehgml22800/224270230616
강릉,메밀능이촌,식당,강릉역,가능,업체 표기만,출입구·좌석 휠체어 이용 가능 표기,,,,,,1,37.766339,128.896783,https://blog.naver.com/8427na/224348748924
강릉,바바91,카페,안목,가능,업체 표기만,출입구 휠체어 이용 가능 표기,,,,,,1,37.763167,128.937019,https://blog.naver.com/555___000/224249862557
강릉,레이벨류,숙박,안목,가능,업체 표기만,"휠체어 진입 가능, 엘리베이터 완비, 장애인 주차구역",,있음,,있음,,1,37.770733,128.949697,https://blog.naver.com/gawon10201/223853919879
서울 강북,경복궁,관광명소,종로구,가능,방문 후기,"휠체어 무료 대여, 장애인 화장실·주차장 있음, 대체로 이동 무리 없음","일부 박석 구간 진동, 장애인 화장실 다소 좁음",,있음,있음,가능,65,37.577613,126.976898,https://blog.naver.com/ruri012121/224077303253
서울 강북,세종문화회관,문화시설,종로구,가능,방문 후기,대극장 건물 좌측 내부 엘리베이터로 지하 전시관 이동 가능,KT빌딩 앞 출입구는 계단,있음,,,,38,37.572595,126.975779,https://blog.naver.com/ttm9333/224423657719
서울 강북,서울시립사진미술관,문화시설,도봉구,가능,방문 후기 + 업체 표기,"전관 휠체어 이용 가능, 층별 장애인 화장실, 부설주차장 있음",주차 유료,,있음,있음,가능,30,37.655515,127.048947,https://blog.naver.com/jenny_shasha/223896929181
서울 강북,커피한약방 청량리점,카페,동대문구,불가,방문 후기,엘리베이터 없이 1층부터 3층까지 모두 계단으로만 이동해야 하는 구조,"계단이 높고 천장 낮은 구간, 1층 진입 여부 미확인",없음,,,,22,37.581405,127.04293,https://blog.naver.com/castle_h22/224383827391
서울 강북,세브란스병원,병원,서대문구,가능,방문 후기,병원 내 층별로 넓은 장애인 화장실이 마련돼 있음,,,있음,,,19,37.562252,126.940963,https://blog.naver.com/igigigigi/224251027750
서울 강북,대한민국역사박물관,문화시설,종로구,가능,방문 후기,1층 안내데스크에서 휠체어·유모차 대여 가능한 박물관,대여 휠체어는 실내에서만 사용,,,,가능,14,37.573987,126.977858,https://blog.naver.com/gogocoo9/224401763347
서울 강북,리움미술관,문화시설,용산구,가능,방문 후기,각 층에 장애인 화장실이 있고 수유실도 갖춰진 미술관,,,있음,,,12,37.538337,126.999117,https://artspace.tistory.com/347
서울 강북,쿠우쿠우 연신내점,식당,은평구,가능,방문 후기,"6층 매장까지 엘리베이터로 이동, 주차 가능",,있음,,있음,,10,37.619672,126.921685,https://blog.naver.com/gloryday777/224235054863
서울 강북,카페포이어,카페,용산구,가능,방문 후기,2층으로 올라가는 계단과 함께 엘리베이터가 있어 층간 이동이 가능함,2층은 매장 밖으로 나가서 이동,있음,,,,9,37.533534,126.994479,https://blog.naver.com/kokkodaek/224371374226
서울 강북,오패산,관광명소,강북구,가능,방문 후기,"나무데크 무장애숲길, 경사 10도 이내로 휠체어·유모차 통행 가능",,,,,가능,8,37.629709,127.031516,https://blog.naver.com/sdflc1031606/224405785638
서울 강북,롯데시네마 건대입구,문화시설,광진구,가능,방문 후기,쇼핑몰 입구에서 엘리베이터로 2층 영화관 이동 가능,,있음,,,,8,37.538607,127.072923,https://blog.naver.com/dazzle_y/224391773508
서울 강북,꿀삼겹 본점,식당,중랑구,가능,방문 후기 + 업체 표기,문 앞 턱이 거의 없어 출입구와 좌석 휠체어 이용 가능,,,,,,8,37.593301,127.088377,https://blog.naver.com/skuendu/224373732646
서울 강북,경희궁,관광명소,종로구,부분,방문 후기,경사로가 곳곳에 있으나 본당·회랑 일부는 계단이라 한계 있음,본당·회랑 일부 계단,,,,어려움,7,37.570788,126.968649,https://blog.naver.com/shubillion/224322171728
서울 강북,몬드리안 서울이태원,숙박,용산구,가능,방문 후기,호텔 안에 층간 이동용 엘리베이터가 있고 저층 전용 엘리베이터도 따로 운영됨,엘리베이터가 빨리 안 잡힐 수 있음,있음,,,,7,37.528564,126.993108,https://blog.naver.com/clever_mandu/224395395710
서울 강북,서울어린이대공원,관광명소,광진구,부분,방문 후기,식물원 입구에 목재데크 경사로 있으나 일부 산책로는 흙길·경사,일부 산책로 흙길과 경사 구간,,,,,7,37.549977,127.080235,https://jjangga0801.com/759
서울 강북,리틀쿠바,식당,서대문구,가능,방문 후기,2층에 위치한 매장이지만 건물 엘리베이터를 이용해 올라갈 수 있음,,있음,,,,7,37.558863,126.93647,https://blog.naver.com/jei2i8/224224783847
서울 강북,신선술집도원,식당,광진구,가능,방문 후기,건물 1층에서 엘리베이터를 타고 2층 이상의 매장까지 올라갈 수 있음,,있음,,,,7,37.541748,127.070404,https://blog.naver.com/ggatalzeze/224405715228
서울 강북,쿠우쿠우 골드상봉점,식당,중랑구,가능,방문 후기 + 업체 표기,"건물 엘리베이터로 3층 이동, 좌석 휠체어 가능·장애인 주차구역",건물이 낡고 복잡함,있음,,있음,,6,37.596653,127.087633,https://blog.naver.com/minimalwism/223610279136
서울 강북,커피베스코,카페,도봉구,가능,방문 후기,건물 엘리베이터로 이동 가능하고 유모차도 들어갈 정도의 공간,매장이 아주 넓지는 않음,있음,,,가능,5,37.656042,127.061205,https://blog.naver.com/gusehdb/224045208281
서울 강북,남산둘레길,관광명소,중구,부분,방문 후기,일부 구간은 휠체어·유모차로 편히 이동 가능하나 오르막·계단 존재,"명동 쪽 초입 오르막, 일부 나무계단, 우천 시 미끄러움",,,,가능,5,37.553759,126.982413,https://activesenior-goodlife.tistory.com/18
서울 강북,카페252,카페,중랑구,부분,방문 후기,경사로로 휠체어·유아차 진입 가능하나 장애인 화장실 없음,장애인 화장실 없음,,,있음,가능,5,37.594814,127.080699,https://blog.naver.com/gamzagonyak/222929436307
서울 강북,라라브레드 수유점,카페,강북구,불가,방문 후기,초입은 경사로지만 실내가 계단이라 휠체어 출입이 매우 어려움,여자 화장실 턱 있음,,,,,5,37.639433,127.023116,https://blog.naver.com/godr1710/223563986967
서울 강북,청계천박물관,문화시설,동대문구,가능,방문 후기,4층에서 1층까지 완만한 경사로로 이어지는 전시 동선,휠체어 이용 직접 언급은 없음,,,,,4,37.571299,127.035107,https://blog.naver.com/kdjhmr/224392680219
서울 강북,한국은행 화폐박물관,문화시설,중구,가능,방문 후기,휠체어 경사로가 있고 휠체어 친화적이라 유모차도 이용 가능,,,,,가능,4,37.562098,126.980523,https://blog.naver.com/shubillion/224299148957
서울 강북,세종이야기 충무공이야기,문화시설,종로구,가능,방문 후기,세종대왕 동상 뒤 출입구에서 엘리베이터로 전시관 진입 가능,KT빌딩 앞 출입구는 계단 이용,있음,,,,4,37.572532,126.976172,https://blog.naver.com/thecosmos_/224260598704
서울 강북,수유갈비산성골,식당,강북구,가능,방문 후기,주차장에서 매장까지 엘리베이터로 바로 연결돼 휠체어 방문 편함,,있음,,있음,가능,4,37.634842,127.027843,https://blog.naver.com/kong_ssuni/223898637318
서울 강북,로니로티 건대점,식당,광진구,가능,방문 후기 + 업체 표기,3층 매장이지만 엘리베이터가 있고 장애인 주차구역도 있음,,있음,,있음,가능,4,37.540924,127.068475,https://blog.naver.com/ouyoubin126/224234548156
서울 강북,예향정 노원점,식당,도봉구,불가,방문 후기,2층 매장인데 엘리베이터가 없어 계단 이용해야 함,"2층, 엘리베이터 없음",없음,,,어려움,4,37.653147,127.058559,https://blog.naver.com/yeondukong119/223826678056
서울 강북,이태리국시 성수,식당,성동구,가능,방문 후기,건물 엘리베이터로 3층 매장까지 이동,,있음,,,,4,37.546058,127.046723,https://blog.naver.com/liyuuh_/224415191679
서울 강북,찻집온유,카페,중랑구,불가,방문 후기,건물에 엘리베이터가 없어 계단으로 3층까지 올라가야 함,"3층, 엘리베이터 없음",없음,,,어려움,4,37.594293,127.086249,https://blog.naver.com/vertbleuish/224384753550
서울 강북,봄담아 상봉점,식당,중랑구,가능,방문 후기 + 업체 표기,"입구 경사로, 화장실·출입구·좌석 휠체어 가능, 장애인 주차구역",,,있음,있음,가능,4,37.595347,127.079901,https://blog.naver.com/jeong12-_-/224385835428
서울 강북,KT 온마루,문화시설,종로구,가능,방문 후기,"엘리베이터가 있어 휠체어·유모차 이용 가능, 화장실도 가까움",,있음,,,가능,3,37.572151,126.977792,https://blog.naver.com/our_junhui/224362914566
서울 강북,무등도원,카페,성북구,가능,방문 후기 + 업체 표기,입구에 계단이 없어 휠체어 출입이 편한 배리어프리 카페,,,,있음,,3,37.590312,127.019313,https://blog.naver.com/sijifs/224318308247
서울 강북,한스친친 창동점,식당,도봉구,가능,방문 후기,"2층 매장, 지하 주차장에서 엘리베이터로 바로 이동",,있음,,있음,,3,37.651423,127.045941,https://blog.naver.com/torin_2/224393514903
서울 강북,파운드리서울,문화시설,용산구,가능,방문 후기,휠체어·이동보조기기용 엘리베이터와 장애인 화장실 마련,,있음,있음,,,3,37.535462,126.998529,https://blog.naver.com/dailyfeedway/224421570188
서울 강북,로니로티 노원점,식당,노원구,가능,방문 후기,2층 매장이지만 엘리베이터로 휠체어·유아차 방문 편함,,있음,,,가능,3,37.656503,127.061888,https://blog.naver.com/plnmu/224048283611
서울 강북,낫배드커피 한남,카페,용산구,부분,방문 후기 + 업체 표기,"좌석 휠체어 이용 가능 표기, 주차 가능하나 테라스는 계단 이용",야외 테라스는 계단으로 올라감,,,있음,,3,37.53721,126.998365,https://blog.naver.com/no7913/224333381897
서울 강북,플럽커피,카페,은평구,불가,방문 후기,엘리베이터 없는 건물 3층으로 계단으로만 올라갈 수 있음,"3층 계단만, 별도 주차 공간 없음",없음,,,어려움,3,37.618416,126.919267,https://blog.naver.com/heehehe921/224386845496
서울 강북,소담촌 상봉점,식당,중랑구,가능,방문 후기,건물 15층 매장이지만 건물 입구 바로 옆 엘리베이터로 올라갈 수 있음,,있음,,,,3,37.596826,127.088945,https://blog.naver.com/wjdgml2019/224404132505
서울 강북,마쯔무라돈까스 본점,식당,도봉구,불가,방문 후기,지하 매장인데 엘리베이터 없이 계단 입구만 2곳 있음,"지하 1층, 계단만 있음",없음,,,어려움,2,37.65278,127.046575,https://blog.naver.com/lio97/224345024191
서울 강북,CGV 홍대,문화시설,서대문구,가능,방문 후기,전층 엘리베이터와 상영관 전용 엘리베이터가 있는 영화관,"엘리베이터를 찾기 어려웠다는 후기, 건물 주차장 없음",있음,,,,2,37.556502,126.922625,https://blog.naver.com/sycho0517/224371866385
서울 강북,참치왕양승호,식당,중랑구,가능,방문 후기 + 업체 표기,"출입구 휠체어 이용 가능 표기, 실제로 매장 내 휠체어 이용 가능",,,,,,2,37.596522,127.087565,https://blog.naver.com/kiungme/224036287955
서울 강북,스윗레시피,카페,노원구,가능,방문 후기,2층 카페지만 1층에 엘리베이터가 있어 이동 편함,,있음,,,,2,37.657718,127.061719,https://blog.naver.com/banghd02/224391150698
서울 강북,투파인드피터 노원점,식당,노원구,가능,방문 후기,건물 뒤편 정문에 경사로가 있어 휠체어·유모차 입장 가능,건물을 돌아 정문으로 진입,,,,가능,2,37.657543,127.061813,https://blog.naver.com/sun_star17/223960760209
서울 강북,송화산시도삭면 2호점,식당,광진구,가능,방문 후기,입구에 턱이 없어 유모차도 무리 없이 들어갈 수 있는 매장,,,,,가능,2,37.53889,127.067038,https://blog.naver.com/dnjswl9377/224346567142
서울 강북,서울어린이대공원 식물원,관광명소,광진구,가능,방문 후기,식물원 진입부에 목재데크 경사로가 설치돼 접근성이 좋다고 함,,,,,,1,37.54864,127.081061,https://jjangga0801.com/759
서울 강북,우표박물관,문화시설,중구,가능,방문 후기,중앙 출입구 엘리베이터로 휠체어·유모차가 지하 전시장 이동 가능,왼쪽 출입구는 계단,있음,,,가능,1,37.561322,126.982208,https://blog.naver.com/gosemvhs1978/224358714219
서울 강북,히어로보드게임카페 홍대1호점,카페,서대문구,가능,방문 후기,건물 엘리베이터로 매장 층까지 편하게 이동 가능,,있음,,,,1,37.552096,126.921846,https://blog.naver.com/login_young/224397720133
서울 강북,CGV 신촌아트레온,문화시설,서대문구,가능,방문 후기,9층 4DX관까지 내부 엘리베이터로 이동,혼잡 시 엘리베이터 대기,있음,,,,1,37.556517,126.940249,https://blog.naver.com/happippu/224394789878
서울 강북,원보양꼬치 건대본점,식당,광진구,가능,방문 후기,입구가 계단 대신 경사로로 되어 휠체어 진입 배려됨,,,,,,1,37.53977,127.064292,https://blog.naver.com/pizzza_hunter/223949451964
서울 강북,탐앤탐스 창동본점,카페,도봉구,가능,방문 후기,넓은 매장에 내부 엘리베이터가 있어 유모차 접근성 좋음,,있음,,,가능,1,37.651837,127.039979,https://blog.naver.com/forestnana/224179209660
서울 강북,히어로보드게임카페 홍대2호점,카페,서대문구,가능,방문 후기,3층 매장이지만 건물 엘리베이터로 편하게 올라감,,있음,,,,1,37.555349,126.922703,https://blog.naver.com/nia1035/224361444223
서울 강북,브레드칸 청량리점,식당,동대문구,가능,방문 후기,이동식 경사로를 비치해 요청 시 제공하는 빵집,요청벨로 경사로 요청 필요,,,,,1,37.584511,127.050841,https://blog.naver.com/armn1201/224242863225
서울 강북,세라젬웰파크 청량리점,카페,동대문구,가능,방문 후기,지하 매장이지만 상가 엘리베이터로 유모차 이동 편함,,있음,,,가능,1,37.577729,127.042926,https://blog.naver.com/chaessay/224296487661
서울 강북,코끼리베이글 성수점,식당,성동구,부분,방문 후기,화장실이 계단만 있는 2층에 있어 휠체어 이용 불편,"화장실 2층, 계단만 있음",,,,,1,37.546043,127.059533,https://blog.naver.com/pinkdbswn123/224288315836
서울 강북,블랙베어 창동점,식당,도봉구,부분,방문 후기 + 업체 표기,"휠체어 이용 가능 표기, 다만 화장실은 매장 밖 옆 건물 반층",화장실이 외부 건물 반층(열쇠 필요),,,,,1,37.654316,127.044505,https://blog.naver.com/jdb_1_log/224127503717
서울 강북,라이즈 오토그래프 컬렉션,숙박,마포구,가능,방문 후기,호텔 1층 블루보틀 매장 바로 가까이에 장애인 화장실이 마련되어 있다는 서술,호텔 내 카페 매장 인근 화장실 기준 서술,,있음,,,1,37.554417,126.921277,https://dkenter1012.tistory.com/178
서울 강북,오코노미야키식당하나,식당,광진구,가능,방문 후기,"휠체어 접근성 맛집 목록에 포함된 1층 매장, 세부 설명은 없음",세부 접근 정보는 스니펫에 없음,,,,,1,37.546219,127.067703,https://blog.naver.com/staircrusher_club/224120349972
서울 강북,라빅커피,카페,은평구,가능,방문 후기,입구에 턱이 없어 유모차 진입이 쉽고 매장 앞 주차 가능,,,,있음,가능,1,37.619576,126.918777,https://blog.naver.com/klkj8300/224102790059
서울 강북,H호스텔,숙박,용산구,가능,방문 후기,"재방문 후기에서 숙소에 엘리베이터가 있다고 확인, 층간 이동 가능",,있음,,,,1,37.532082,126.994581,https://blog.naver.com/buji-run/224248272095
서울 강북,댓하우스 홍대점,숙박,마포구,부분,방문 후기,정면 길은 가파른 계단이나 돌아가면 완만한 경사로로 진입 가능,정면 진입로는 가파른 계단,,,,,1,37.557992,126.930518,https://blog.naver.com/sofun123456/224392647646
서울 강북,우주로캣,카페,광진구,불가,방문 후기,엘리베이터가 없는 건물 3층 매장이라 계단으로만 올라갈 수 있음,유모차·어린아이 동반 시 불편,없음,,,어려움,1,37.539928,127.069902,https://blog.naver.com/nijaelog/224366361291
서울 강북,성북마을극장,문화시설,성북구,가능,공식 안내 인용,"엘리베이터 있는 4층 소극장, 장애인 화장실 있음",,있음,있음,,,1,37.591647,127.017342,https://blog.naver.com/sbtheater4208/223825104409
서울 강북,수유라멘,식당,강북구,가능,업체 표기만,"출입구·좌석·화장실 휠체어 이용 가능, 장애인 주차구역 있음",,,있음,있음,,15,37.638444,127.027408,https://blog.naver.com/yony14/224120367073
서울 강북,다함닭갈비 노원역직영점,식당,노원구,가능,업체 표기만,"휠체어 출입 가능 표기, 매장 앞 무료 주차 3대",,,,있음,,13,37.657863,127.062943,https://blog.naver.com/potato_82/224322668371
서울 강북,광화문미진 본점,식당,종로구,가능,업체 표기만,"업체 정보에 휠체어 이용 가능, 주차 가능으로 표기됨",,,,있음,,9,37.570845,126.979923,https://blog.naver.com/foodking_769/224379897376
서울 강북,제주고깃집 성북구청점,식당,성북구,가능,업체 표기만,"출입구와 좌석 휠체어 이용 가능으로 표기, 매장 바로 앞 주차도 가능",,,,있음,,6,37.587897,127.01828,https://blog.naver.com/k032601/224404030667
서울 강북,대흥양다리바베큐 건대점,식당,광진구,가능,업체 표기만,출입구와 좌석 모두 휠체어 이용 가능으로 표기됨,,,,,,5,37.538706,127.067397,https://blog.naver.com/kms5101041/224405239335
서울 강북,애슐리퀸즈 창동씨드큐브점,식당,도봉구,가능,업체 표기만,"3층 매장, 업체 정보에 휠체어 이용 가능 표기, 주차 지원",,,,있음,,5,37.65454,127.049926,https://blog.naver.com/dadori_731/224334551941
서울 강북,서울로봇인공지능과학관,문화시설,도봉구,가능,업체 표기만,"출입구와 화장실 휠체어 이용 가능, 장애인 주차구역 있음",주차 유료,,있음,있음,,5,37.655584,127.049506,https://blog.naver.com/mimi-jo/223983881456
서울 강북,국립고궁박물관,문화시설,종로구,가능,업체 표기만,장애인 화장실이 있는 박물관으로 안내됨,월·화·목·금·일 운영,,있음,,,4,37.576563,126.974834,https://blog.naver.com/jklnm2001/224226976632
서울 강북,다퍼줘,식당,동대문구,가능,업체 표기만,"업체 정보상 출입구 휠체어 이용 가능, 매장 주차는 불가","주차 불가, 인근 공영주차장 이용",,,,,4,37.57892,127.040585,https://blog.naver.com/1202170/224025075596
서울 강북,하토상의술방,식당,노원구,가능,업체 표기만,"출입구와 좌석 휠체어 이용 가능, 무료 주차(1시간) 가능",,,,있음,,4,37.656705,127.062552,https://blog.naver.com/rlfls9091/224128827919
서울 강북,화기애애 본점,식당,광진구,가능,업체 표기만,좌석 휠체어 이용 가능으로 표기된 2개 층 매장,,,,,,3,37.54174,127.069652,https://blog.naver.com/ohjindaily/224246585886
서울 강북,벤베누토,식당,성북구,가능,업체 표기만,"업체 정보에 휠체어 이용 가능 표기, 호텔 주차장 이용 가능",,,,있음,,3,37.592796,127.018528,https://blog.naver.com/ryong2e2e/223836108779
서울 강북,카페루틴,카페,성북구,가능,업체 표기만,출입구와 좌석 휠체어 이용 가능으로 표기된 1층 카페,,,,,,3,37.59171,127.020109,https://blog.naver.com/ssssu_0104/224012720501
서울 강북,코트야드 메리어트 서울 명동,숙박,중구,가능,업체 표기만,호텔 2층 모모카페가 휠체어 이용 가능·주차 가능으로 표기,,,,있음,,3,37.56125,126.976938,https://blog.naver.com/female50/224411200709
서울 강북,중경식객,식당,광진구,가능,업체 표기만,건대점 편의시설 정보에 출입구와 좌석 휠체어 이용 가능으로 표기되어 있음,,,,,,3,37.539781,127.069483,https://blog.naver.com/ws2466/224217194113
서울 강북,다이닝원 청량리점,식당,동대문구,가능,업체 표기만,"건물 2층 매장, 출입구 휠체어 가능 표기, 지하 주차장 있음",,,,있음,,3,37.577592,127.042837,https://blog.naver.com/soov114/224185664065
서울 강북,명동돈가스,식당,중구,불가,업체 표기만,"업체 정보에 휠체어 이용 불가, 주차도 불가로 표기됨",,,,,,2,37.564021,126.983569,https://blog.naver.com/onsiseon/224156210846
서울 강북,FUMD,카페,중랑구,가능,업체 표기만,"출입구 휠체어 이용 가능 표기, 지하 주차장 무료",,,,있음,,2,37.596649,127.088173,https://blog.naver.com/odebo/224334644080
서울 강북,CGV 건대입구,문화시설,성동구,가능,업체 표기만,"화장실 등 휠체어 접근 가능 시설로 안내, 주차 가능",,,,있음,,2,37.539698,127.067017,https://blog.naver.com/wlstjddjssl/224366157183
서울 강북,카페고코로,카페,은평구,가능,업체 표기만,"휠체어 이용 가능 표기, 매장 앞 무료 주차 2대 가능",,,,있음,,2,37.622912,126.917631,https://blog.naver.com/jee0573/224415099185
서울 강북,김태완스시 성신여대,식당,성북구,가능,업체 표기만,"편의 정보에 휠체어 입장 가능으로 표기된 1층 매장, 주차는 불가",주차 불가,,,,,2,37.591162,127.016683,https://blog.naver.com/oninsa/224004211614
서울 강북,돼봉삼겹살,식당,중랑구,가능,업체 표기만,출입구·좌석 휠체어 이용 가능 표기에 장애인 주차구역까지 갖춘 매장,,,,있음,,2,37.595958,127.089017,https://blog.naver.com/sznoeyis/224327854083
서울 강북,목멱산방,식당,중구,가능,업체 표기만,업체 정보에 휠체어 이용 가능으로 표기됨,주차 불가 표기,,,,,1,37.558113,126.986894,https://blog.naver.com/nasa1994/224403354261
서울 강북,경북손칼국수,식당,동대문구,가능,업체 표기만,업체 편의시설 정보에 휠체어 출입 가능으로 표기됨,,,,,,1,37.581339,127.046212,https://blog.naver.com/dampick365/224382626821
서울 강북,백년가게 만포면옥 본점,식당,은평구,가능,업체 표기만,"업체 정보에 휠체어 이용 가능 표기, 매장 앞 주차 가능",,,,있음,,1,37.614123,126.917491,https://blog.naver.com/sohyunpretty/224095963459
서울 강북,장수마늘보쌈,식당,강북구,가능,업체 표기만,"출입구 휠체어 이용 가능, 장애인 주차구역 있음으로 표기",,,,있음,,1,37.635693,127.033841,https://blog.naver.com/yejin3888/224382617878
서울 강북,아키야마 성수본점,식당,성동구,가능,업체 표기만,출입구·화장실·좌석 모두 휠체어 이용 가능으로 표기,,,있음,,,1,37.547807,127.057219,https://blog.naver.com/jentleman/224210590702
서울 강북,뽕사부 건대점,식당,광진구,가능,업체 표기만,"출입구·좌석 휠체어 이용 가능, 장애인 주차구역 표기",,,,있음,,1,37.541675,127.066389,https://blog.naver.com/sss25h/224098659893
서울 강북,오늘의샤브 수유점,식당,강북구,가능,업체 표기만,"휠체어 이용 가능 표기, 인근 빌딩 주차장 이용 가능",,,,있음,,1,37.64068,127.028195,https://blog.naver.com/boever___/224417641655
서울 강북,블리비의원 명동점,병원,중구,가능,업체 표기만,"출입구와 화장실 휠체어 이용 가능으로 표시, 무료 주차 가능",,,있음,있음,,1,37.564613,126.982737,https://blog.naver.com/faithlove789/224379516668
서울 강북,섭생정식 창동본점,식당,도봉구,가능,업체 표기만,출입구와 좌석 모두 휠체어 이용 가능하다고 안내된 창동역 인근 1층 매장,,,,,,1,37.651346,127.045507,https://blog.naver.com/moonpark7774/224393660066
서울 강북,감동식당,식당,노원구,가능,업체 표기만,화장실 휠체어 이용 가능으로 표기되어 있고 장애인 주차구역도 갖추고 있음,,,있음,있음,,1,37.661564,127.066595,https://blog.naver.com/hakyungchew/223979289959
서울 강북,시에로시네마,카페,동대문구,가능,업체 표기만,편의시설 정보에 휠체어 이용 가능으로 표기된 청량리역 인근 디저트 카페,,,,,,1,37.577991,127.049412,https://blog.naver.com/zzaphoo/224403312275
서울 강북,한정선 성수본점,카페,성동구,가능,업체 표기만,"출입구 휠체어 이용 가능으로 표기된 성수 1층 매장, 주차는 불가",주차 불가,,,,,1,37.542928,127.054178,https://blog.naver.com/wizardye/224420628338
서울 강남,코엑스 아쿠아리움,문화시설,강남구,가능,방문 후기 + 업체 표기,"휠체어 이용 가능 표기, 코엑스몰 내 엘리베이터로 이동 가능",7번 출입구는 엘리베이터 없이 에스컬레이터만 있음,있음,,있음,가능,82,37.513409,127.058483,https://blog.naver.com/kimhb9189/224326836982
서울 강남,서울식물원,관광명소,강서구,가능,방문 후기,온실 안내데스크에서 휠체어와 유모차를 신청서 작성 후 대여 가능,대여 시 신분증 필요,,,,가능,42,37.569396,126.835037,https://blog.naver.com/asa756/224217591355
서울 강남,롯데월드아쿠아리움,문화시설,송파구,가능,방문 후기,관람로 전체가 경사로·엘리베이터로 연결돼 유모차·휠체어 이동 용이,주말·성수기 주차 입차 대기 길 수 있음,있음,,있음,가능,27,37.513455,127.104799,https://blog.naver.com/nej3697/224414234909
서울 강남,가배도 노량진점,카페,동작구,가능,방문 후기,곳곳에 경사로가 있고 1층에 남녀 장애인 화장실이 각각 마련됨,,,있음,,가능,24,37.512698,126.933328,https://whitetreeforest.tistory.com/50
서울 강남,인크커피 가산점,카페,금천구,가능,방문 후기,1층부터 2·3층까지 엘리베이터로 이동할 수 있는 대형 카페,,있음,,,,19,37.47934,126.878073,https://blog.naver.com/mimimi3210/224372322819
서울 강남,플라워플로우,카페,강서구,불가,방문 후기,"엘리베이터 이용 불가, 에스컬레이터로만 이동해야 해 유모차도 불편",,없음,,,어려움,15,37.564775,126.825253,https://blog.naver.com/kmz5623/224288480959
서울 강남,윌로우하우스,문화시설,영등포구,가능,방문 후기,완만한 경사로와 내부 엘리베이터로 이동 불편한 사람도 이용 가능,,있음,,,가능,14,37.512984,126.932681,https://blog.naver.com/bbuu_daily/224422898033
서울 강남,포석정,식당,서초구,가능,방문 후기,터미널 건물 10층 옥상 식당까지 엘리베이터로 이동 가능,엘리베이터가 많아 경부선 승차홈 쪽 지정 엘리베이터 이용 필요,있음,,,,11,37.506093,127.006985,https://blog.naver.com/weddingnmoment/224303220441
서울 강남,코엑스 아티움,문화시설,강남구,가능,방문 후기,코엑스몰 입구 옆 엘리베이터로 5층 공연장까지 바로 이동,"주차장에서 몰 연결은 비상계단으로 안내됨, 다른 동선 확인 필요",있음,,있음,,11,37.509808,127.061653,https://blog.naver.com/gogoji2/224251597738
서울 강남,호멜맥주,식당,동작구,가능,방문 후기 + 업체 표기,"입구가 넓고 문턱 없음, 화장실 휠체어 가능·장애인 주차구역",,,있음,있음,,11,37.514323,126.939344,https://blog.naver.com/hyoo830/224249170990
서울 강남,스시101,식당,동작구,가능,방문 후기,"수산시장 건물 엘리베이터로 2층 이동, 유모차 입장 안내받음",,있음,,,가능,11,37.514824,126.937976,https://blog.naver.com/jiyo_mi/224389972702
서울 강남,진주식당,식당,동작구,가능,방문 후기 + 업체 표기,"수산물 도매시장 5층, 엘리베이터로 이동하며 휠체어 가능 표기",,있음,,있음,,10,37.515104,126.939203,https://blog.naver.com/ddoottoorrii/224419167596
서울 강남,모던샤브하우스 센트럴시티점,식당,서초구,가능,방문 후기,파미에스테이션 폴바셋·아웃백 사이 전용 엘리베이터로 매장 이동,경부선 쪽이 아닌 호남선 방향 전용 엘리베이터 이용 필요,있음,,,,8,37.5032,127.003591,https://blog.naver.com/hyunida_a_dh/224417755818
서울 강남,테이블오,카페,강동구,가능,방문 후기 + 업체 표기,"문턱 없는 1층 매장, 화장실 휠체어 가능·장애인 주차구역 표기",,,있음,있음,,6,37.540767,127.128466,https://blog.naver.com/dltmfqls1591/224410829671
서울 강남,브런치빈 구로디지털단지역점,카페,구로구,가능,방문 후기,"건물 입구 턱 없고 엘리베이터로 4층 매장 이동, 매장 넓음",,있음,,,가능,5,37.483265,126.904359,https://blog.naver.com/kkh881213/224394190438
서울 강남,머큐어 서울 마곡,숙박,강서구,가능,방문 후기,"지하주차장에서 호텔 전용 엘리베이터 이용, 코엑스마곡과 실내 연결",,있음,,있음,,5,37.566468,126.825857,https://blog.naver.com/yunn1o/224423719436
서울 강남,스시려,식당,관악구,가능,방문 후기,역 근처 건물 2층 매장이며 엘리베이터가 있어 올라가기 수월함,,있음,,,,4,37.482076,126.950479,https://blog.naver.com/bluesun8001/224345403043
서울 강남,오크우드프리미어 코엑스센터,숙박,강남구,가능,방문 후기,"엘리베이터로 코엑스와 실내 연결, 호텔 전용 주차장 이용",,있음,,있음,가능,4,37.511045,127.058119,https://blog.naver.com/bomiri84/224186191011
서울 강남,코엑스아티움 우리은행홀,문화시설,강남구,가능,방문 후기,코엑스몰 입구 옆 엘리베이터로 5층 공연장까지 바로 이동,,있음,,,,4,37.509991,127.061269,https://blog.naver.com/gogoji2/224251597738
서울 강남,몽땅족발,식당,강동구,가능,방문 후기,"매장 내 엘리베이터로 2~3층 식사공간 이동 가능, 유모차 동반 편리",,있음,,,가능,3,37.540186,127.125149,https://blog.naver.com/holarahel/224411258499
서울 강남,파티하우스더엘,식당,금천구,가능,방문 후기,입구까지 문턱 없는 평지 동선으로 유모차 이동이 편한 연회장,,,,있음,가능,3,37.477927,126.886057,https://blog.naver.com/fje0978bb/224387702421
서울 강남,서울스카이,관광명소,송파구,가능,방문 후기,롯데월드몰 지하 1층의 전용 엘리베이터로 전망대까지 이동,,있음,,,,3,37.512509,127.102437,https://blog.naver.com/jo_eunbee/224406054865
서울 강남,코엑스 C홀,문화시설,강남구,가능,방문 후기,코엑스 내부 엘리베이터를 타고 3층 C홀 입구까지 이동할 수 있음,,있음,,,,2,37.511297,127.059148,https://nadeulsat.tistory.com/16
서울 강남,그랜드인터컨티넨탈 서울파르나스,숙박,강남구,가능,방문 후기,"코엑스와 연결된 엘리베이터로 5층 그랜드볼룸 이동, 주차 지원",,있음,,있음,,2,37.509192,127.060807,https://blog.naver.com/hjw9643/224217930923
서울 강남,코엑스 B홀,문화시설,강남구,가능,방문 후기,지하 2층 주차장에서 엘리베이터로 1층 B홀 입구까지 이동,,있음,,있음,,2,37.51238,127.058884,https://blog.naver.com/kte1584/224190869930
서울 강남,닥터밸런스 마리오아울렛점,카페,금천구,가능,방문 후기,건물 엘리베이터로 7층 키즈카페 입구까지 바로 이동할 수 있음,,있음,,,,2,37.478376,126.884837,https://blog.naver.com/dailyblisslog/224359332710
서울 강남,로마옥 마곡,식당,강서구,가능,방문 후기,"LG아트센터 3층 매장, 엘리베이터로 휠체어·유모차 진입 가능",,있음,,,가능,2,37.565232,126.829293,https://blog.naver.com/forest_lion_bunny/224402264341
서울 강남,카페칼리스타,카페,구로구,가능,방문 후기,"입구 경사로로 유모차·휠체어 이용 편리, 좌석 간격 넓음",,,,,가능,2,37.485407,126.893965,https://blog.naver.com/holy___molly/223929331691
서울 강남,코엑스 D홀,문화시설,강남구,가능,방문 후기,삼성역 임시출구 경사로 터널로 계단 없이 D홀 방향 진입,"삼성역 공사로 임시출구 이용, 경로 변동 가능",,,,,1,37.51229,127.058964,https://blog.naver.com/haneuldomo/224149754272
서울 강남,롯데월드 민속박물관,문화시설,송파구,가능,방문 후기,엘리베이터 이동 가능하고 전시관 내부는 완만한 경사로로 구성,,있음,,,가능,1,37.51131,127.098142,https://blog.naver.com/jung89212/224385487383
서울 강남,완산정,식당,관악구,불가,방문 후기,"2층 매장에 엘리베이터가 없어 계단으로만 진입 가능, 유모차도 어려움",,없음,,,어려움,1,37.48166,126.953595,https://blog.naver.com/yoochef88/224257184886
서울 강남,CGV 여의도,문화시설,영등포구,가능,방문 후기,IFC몰 주차장에서 엘리베이터로 L3 CGV까지 바로 이동,,있음,,있음,,1,37.525693,126.925582,https://blog.naver.com/somsomi88-/224382695804
서울 강남,코엑스마곡 컨벤션센터,문화시설,강서구,가능,방문 후기,지하주차장 지정 기둥 앞 엘리베이터로 식장까지 바로 연결,,있음,,있음,,1,37.566284,126.826254,https://blog.naver.com/manduu23/224417869629
서울 강남,청달방디저트,카페,관악구,가능,방문 후기,샤로수길 건물 2층 매장이며 엘리베이터로 올라갈 수 있음,,있음,,,,1,37.47975,126.953345,https://blog.naver.com/sailor3/224175045929
서울 강남,메밀단편 여의도점,식당,영등포구,가능,방문 후기,여의도 파이낸스타워 2층 매장으로 엘리베이터 타고 이동 가능,,있음,,,,1,37.523896,126.923968,https://blog.naver.com/dyof_/224373083370
서울 강남,호스텔 더 까미노,숙박,구로구,가능,방문 후기,엘리베이터 있고 202·302호는 휠체어 이용 가능 객실 표시,휠체어 이용 가능 객실은 일부(202·302호)만,있음,,,,1,37.479901,126.891192,https://blog.naver.com/chdls513/224204120396
서울 강남,소플러스 마곡점,식당,강서구,가능,방문 후기,경사로와 주차장이 있어 아기 동반 방문이 편한 대형 고깃집,,,,있음,가능,1,37.567289,126.823829,https://blog.naver.com/83142/224378431963
서울 강남,코엑스 오디토리움,문화시설,강남구,가능,공식 안내 인용,3층 오디토리움 동쪽·서쪽 화장실 모두에 장애인 전용칸이 설치됨,,,있음,,,3,37.511892,127.059359,https://blog.naver.com/heartfund/224384665619
서울 강남,솥내음 스타필드 코엑스몰,식당,강남구,가능,업체 표기만,"화장실·출입구·좌석 휠체어 이용 가능, 장애인 주차구역 표기",,,있음,있음,,9,37.513789,127.058968,https://blog.naver.com/musicbom/224315566402
서울 강남,갓포소,식당,금천구,가능,업체 표기만,"휠체어 이용 가능으로 표기, 건물 지하주차장 2시간 무료 이용",,,,있음,,8,37.481205,126.87946,https://blog.naver.com/halfpoktan/224402771282
서울 강남,돈사돈 강동직영점,식당,강동구,가능,업체 표기만,휠체어 이용 가능으로 표기되어 있고 무료 주차·발렛도 가능함,,,,있음,,7,37.541827,127.124273,https://blog.naver.com/dosirockstar/224142259745
서울 강남,대팔이네,식당,강동구,가능,업체 표기만,장애인 휠체어 가능으로 표기되어 있고 인근 유료 주차 이용 가능,,,,있음,,6,37.53982,127.125458,https://blog.naver.com/sthgrey/223624027866
서울 강남,신남도수산,식당,동작구,가능,업체 표기만,"화장실·출입구·좌석 휠체어 이용 가능, 장애인 주차구역 표기",,,있음,있음,,5,37.514662,126.938183,https://blog.naver.com/time0708_/224099262291
서울 강남,온도계,식당,강동구,가능,업체 표기만,출입구와 좌석 모두 휠체어 이용 가능으로 표기된 닭갈비 매장,"자체 주차공간 없음, 인근 공영주차장 이용",,,,,5,37.536692,127.126426,https://blog.naver.com/gamdogajoa/224402808699
서울 강남,진정한족발 본점,식당,강동구,가능,업체 표기만,업체 편의시설 정보에 휠체어 이용 가능으로 표기된 1층 족발집,,,,,,3,37.536104,127.127648,https://blog.naver.com/presents8448/224307402151
서울 강남,비포어커피로스터스,카페,구로구,가능,업체 표기만,"화장실·출입구·좌석 휠체어 이용 가능 표기, 건물 지하주차",화장실은 건물 공용 화장실,,있음,있음,,3,37.486408,126.892279,https://blog.naver.com/sweeeet_home/224291660110
서울 강남,고우가 여의도점,식당,영등포구,가능,업체 표기만,"화장실·출입구·좌석 휠체어 이용 가능, 장애인 주차구역 표기",,,있음,있음,,3,37.522181,126.919917,https://blog.naver.com/kyurepark/224317461432
서울 강남,일상정원 센트럴시티점,식당,서초구,가능,업체 표기만,휠체어 이용 가능으로 표기되어 있고 유료 주차도 가능한 매장,,,,있음,,3,37.503116,127.004292,https://blog.naver.com/ay_oung/224400939418
서울 강남,팀호완 삼성점,식당,강남구,가능,업체 표기만,휠체어 이용 가능으로 표기되어 있고 유료 주차·발렛 이용 가능,,,,있음,,3,37.511427,127.056848,https://blog.naver.com/jyi0105/224374464091
서울 강남,스시도쿠 마곡코엑스점,식당,강서구,가능,업체 표기만,"화장실·출입구·좌석 휠체어 가능, 장애인 주차구역 표기",지하 2층 매장,,있음,있음,,3,37.564775,126.825253,https://blog.naver.com/makjyeun/224154673987
서울 강남,동국성,식당,강동구,가능,업체 표기만,"출입구 경사로와 휠체어 좌석이 있다고 표기, 무료 주차·발렛 가능","1~3층 매장, 층간 이동 수단 미확인",,,있음,,3,37.539508,127.122033,https://blog.naver.com/eat_play_lover/223512740115
서울 강남,가양칼국수,식당,영등포구,가능,업체 표기만,좌석 휠체어 이용 가능으로 표기된 롯데캐슬 상가 지하 1층 매장,"지하 1층 위치, 진입 경로 미확인",,,,,2,37.520206,126.9318,https://blog.naver.com/hoholulu_/224421794818
서울 강남,정남옥 노량진점,식당,동작구,가능,업체 표기만,"출입구·좌석 휠체어 이용 가능 표기, 인근 공영주차장 이용",,,,있음,,2,37.513284,126.942405,https://blog.naver.com/jayjuuuuu/224008826746
서울 강남,트램서울,카페,관악구,가능,업체 표기만,출입구와 좌석이 휠체어 이용 가능으로 표기된 1층 카페 매장,"화장실은 1인 남녀공용, 휠체어 이용 여부 미확인",,,,,2,37.479329,126.954231,https://blog.naver.com/nerdmaw/224386112897
서울 강남,양옥주점 마곡나루본점,식당,강서구,가능,업체 표기만,마곡나루 본점 편의시설 정보에 휠체어 이용 가능으로 표기됨,,,,,,2,37.5681,126.826748,https://blog.naver.com/silvercantstopeating/224267557216
서울 강남,카페꼼마 여의도신영증권점,카페,영등포구,가능,업체 표기만,"화장실·출입구 휠체어 이용 가능 표기, 건물 지하주차 가능",,,있음,있음,,2,37.521286,126.928897,https://blog.naver.com/like_foodie/224346203312
서울 강남,금성관 나주곰탕 구로직영점,식당,구로구,가능,업체 표기만,"휠체어 이용 가능으로 표기, 미래타워 지하주차 1시간 무료",,,,있음,,2,37.482774,126.899961,https://blog.naver.com/kimii712/224152368609
서울 강남,노량진회센타,식당,동작구,가능,업체 표기만,출입구와 좌석 모두 휠체어 이용 가능으로 표기된 횟집 건물,,,,,,2,37.513743,126.940044,https://blog.naver.com/hyeniiie_/223643149278
서울 강남,딤딤섬 센트럴시티점,식당,서초구,가능,업체 표기만,고속터미널 내부에 있는 매장으로 휠체어 이용 가능하다고 표기됨,,,,,,2,37.503202,127.003585,https://blog.naver.com/gksdnf43/224263640299
서울 강남,베네관광호텔 잠실점,숙박,송파구,가능,업체 표기만,"화장실·출입구·좌석 휠체어 가능, 장애인 주차구역 표기",주차는 타워주차 방식,,있음,있음,,2,37.51585,127.110082,https://blog.naver.com/dailyzandang/224329845640
서울 강남,카츠토랑 가산디지털점,식당,금천구,가능,업체 표기만,화장실 휠체어 이용 가능 및 장애인 주차구역이 있다고 표기됨,,,있음,있음,,1,37.48039,126.884113,https://blog.naver.com/dbaldbald/224336447673
서울 강남,소디스에스프레소바 서울구로직영점,카페,구로구,가능,업체 표기만,지식산업센터 1층 매장으로 휠체어 출입 가능하다고 표기됨,,,,,,1,37.481007,126.894423,https://blog.naver.com/dideks00/224203210724
서울 강남,책다방,카페,구로구,가능,업체 표기만,"화장실 휠체어 이용 가능 표기, 지타워 유료 주차 이용 가능",,,있음,있음,,1,37.479847,126.895318,https://blog.naver.com/bg7609/224293827135
서울 강남,원베일리 인바이트 스카이11,카페,서초구,가능,업체 표기만,화장실·출입구·좌석 모두 휠체어 이용 가능으로 표기된 카페,"주차 불가, 반포한강공원 주차장 이용",,있음,,,1,37.508716,126.997685,https://blog.naver.com/raspberrie/224261638054
서울 강남,송쭈집 마곡나루점,식당,강서구,가능,업체 표기만,휠체어 가능으로 표기되어 있고 에이스타워 건물 내 주차 가능,"2층 매장, 엘리베이터 여부 미확인",,,있음,,1,37.56809,126.825426,https://blog.naver.com/ori_ori__/224215782956
서울 강남,서울 오마카세 우미마토,식당,강서구,가능,업체 표기만,"화장실 휠체어 이용 가능, 장애인 주차구역과 무료 주차 표기",,,있음,있음,,1,37.559508,126.832268,https://blog.naver.com/juki7881/224368215665
서울 강남,을지다락 여의도,식당,영등포구,가능,업체 표기만,"화장실·출입구·좌석 휠체어 가능, 장애인 주차구역 표기",지하 1층 매장,,있음,있음,,1,37.521838,126.925707,https://blog.naver.com/ja6kies/224359064921
서울 강남,허머스키친 삼성점,식당,강남구,가능,업체 표기만,파르나스몰 입점 매장으로 출입구 휠체어 이용 가능하다고 표기,,,,,,1,37.509344,127.061432,https://blog.naver.com/daldalstar/224394083059
서울 강남,탭퍼블릭 여의도점,식당,영등포구,가능,업체 표기만,화장실·출입구·좌석 모두 휠체어 이용 가능으로 표기된 수제맥주집,,,있음,,,1,37.523364,126.923448,https://blog.naver.com/pmyhsa/224425681070
서울 강남,용양봉저정공원 하늘전망대,관광명소,동작구,부분,후기,경사로와 계단이 함께 있어 이동 난이도 고려 필요한 전망 명소,"계단 구간 존재, 축제 시 인파 혼잡",,,,,2,37.511705,126.958965,https://hasilver819.com/169
부산 남포·원도심,이재모피자 본점,식당,중구,부분,방문 후기,"내부 턱 구간에 경사로 있음, 본점2는 2층 식사·엘리베이터 없음","본점2 식사공간 2층, 엘리베이터 없음",,,,,61,35.102042,129.030747,https://blog.naver.com/singnii-/224131838350
부산 남포·원도심,용두산,관광명소,중구,부분,방문 후기,"에스컬레이터로 공원 오름, 하산은 계단이라 뒤쪽 경사로 이용","하행 동선은 계단뿐, 뒤쪽 경사로 이용 필요",,,,,50,35.101039,129.032537,https://blog.naver.com/little-journeys/224253758438
부산 남포·원도심,BNK부산은행 조은극장,문화시설,중구,가능,방문 후기,"건물 엘리베이터로 3층 극장 입구까지 이동 가능, 휠체어 이용 가능으로 판단",공연장이 3층에 위치,있음,,,,9,35.098345,129.032305,https://blog.naver.com/eunice_47/224381907364
부산 남포·원도심,연경재,카페,중구,가능,방문 후기 + 업체 표기,"입구 휠체어 이동 가능, 카페 내 엘리베이터로 층 이동",전용 주차장 없음,있음,,,가능,6,35.100348,129.035926,https://blog.naver.com/hahahoho_kh/224407524711
부산 남포·원도심,류이즈커피바,카페,중구,가능,방문 후기,5층 매장으로 엘리베이터 타고 올라가는 카페,"휠체어 직접 언급 없음, 전용 주차 없음",있음,,,,5,35.098849,129.029341,https://blog.naver.com/a_lot_of_people/224367560144
부산 남포·원도심,쿠오리노,카페,중구,불가,방문 후기,층마다 낮은 계단이 있고 경사로가 없음,1~3층 모두 계단 이동,,,,어려움,4,35.099793,129.034469,https://blog.naver.com/puput122/224067364535
부산 남포·원도심,탑플로어,카페,중구,불가,방문 후기,"2층 매장, 계단만 있고 엘리베이터 없음",유모차·휠체어 방문 어려움,없음,,,어려움,3,35.098742,129.030797,https://blog.naver.com/40075k_m_/224205474388
부산 남포·원도심,코모도호텔 부산,숙박,중구,부분,방문 후기,"언덕 위 위치, 계단 대신 돌아가는 완만한 경사로로 접근 가능","언덕 위치, 계단 경로는 어려움",,,있음,,2,35.108959,129.035188,https://blog.naver.com/wnsldj70/224368867620
부산 남포·원도심,호텔노아,숙박,중구,가능,방문 후기,"장애인용 엘리베이터, 1층 계단·턱 없어 휠체어로 바로 탑승",,있음,,,,2,35.097473,129.029296,https://blog.naver.com/990713-/223862809514
부산 남포·원도심,브로시스호텔,숙박,중구,가능,방문 후기,"문턱 없는 넓은 화장실 등 휠체어 친화적 숙소, 휠체어 이용 가능으로 판단",주차장 없음,,있음,,,2,35.098595,129.03089,https://blog.naver.com/jye-think/224071417174
부산 남포·원도심,민주공원 민주항쟁기념관,문화시설,중구,가능,방문 후기,"1층 로비에서 3층까지 나선형 경사로로 이동, 휠체어 이용 가능으로 판단",,,,,,1,35.109749,129.02803,https://blog.naver.com/soondufu/224351960561
부산 남포·원도심,그리핀베이호텔,숙박,중구,가능,방문 후기,배정 객실 화장실이 장애인 화장실 구조,"객실 화장실 언급뿐, 공용시설 정보 없음",,있음,,,1,35.097859,129.030864,https://blog.naver.com/onlinehumanism/224391398102
부산 남포·원도심,부산영화체험박물관,문화시설,중구,가능,업체 표기만,"출입구 휠체어 이용 가능, 장애인 주차구역 있음",,,,있음,,18,35.10167,129.033751,https://blog.naver.com/hub20/224271806735
부산 남포·원도심,홍가네양곱창,식당,중구,가능,업체 표기만,"출입구 휠체어 이용 가능 표기, 인근 주차장 이용, 휠체어 이용 가능으로 판단",,,,있음,,3,35.097747,129.030329,https://blog.naver.com/minnnnn_813/224104729505
부산 남포·원도심,돌쇠장작구이,식당,중구,가능,업체 표기만,"업체 정보에 휠체어 이용 가능 표기, 휠체어 이용 가능으로 판단",,,,,,2,35.100721,129.035568,https://blog.naver.com/joeng_sony/224292136626
부산 남포·원도심,임시수도기념관,문화시설,중구,가능,업체 표기만,"휠체어 진입 경사로와 엘리베이터, 안내데스크 보조, 휠체어 이용 가능으로 판단",,있음,,,,2,35.103525,129.017388,https://goodbyou.tistory.com/43
부산 남포·원도심,코티스더브릿지,숙박,중구,가능,업체 표기만,편의시설 목록에 휠체어 이용 가능 표기된 신축 호텔,,,,,,1,35.0981,129.026658,https://blog.naver.com/quin1236/224406169625
부산 남포·원도심,그라운드27,카페,중구,가능,업체 표기만,"1층 대형카페, 휠체어 이용 가능 시설 표기",주차 불가,,,,,1,35.098753,129.034806,https://blog.naver.com/flower_dog_/224349204457
부산 남포·원도심,굿올데이즈카페,카페,중구,가능,업체 표기만,"출입구 휠체어 이용 가능 표기, 타워·노상 주차",,,,있음,,1,35.101118,129.035878,https://blog.naver.com/ekin1/223640418657
부산 송도·영도,카페385,카페,영도구,가능,방문 후기,"입구 턱 없고 전 층 엘리베이터, 넓은 주차장, 휠체어 이용 가능으로 판단",,있음,,있음,가능,18,35.084265,129.07629,https://blog.naver.com/midwings/224284727437
부산 송도·영도,아르떼뮤지엄 부산,문화시설,영도구,가능,방문 후기 + 업체 표기,유모차·휠체어 대여 가능한 실내 전시관,,,,있음,가능,15,35.08648,129.075914,https://blog.naver.com/jmtgr59/224394561496
부산 송도·영도,그랩디오션 송도,숙박,서구,가능,방문 후기,"로비에 엘리베이터 있음, 휠체어 이용 가능으로 판단 (스니펫 기준)",입구·객실 접근성 정보 없음,있음,,,,10,35.077155,129.017861,https://blog.naver.com/reyline1/224377252310
부산 송도·영도,천마산,관광명소,서구,부분,방문 후기 + 업체 표기,"복합전망대 화장실 휠체어 가능, 오르는 경사로는 힘듦, 일부 구간 이동 제약 있음",전망대 가는 경사로 이동이 힘들 수 있음,,있음,있음,어려움,8,35.088908,129.0137,https://blog.naver.com/soccerboy77/224396579628
부산 송도·영도,와인드,카페,영도구,가능,방문 후기 + 업체 표기,"엘리베이터와 휠체어 경사로 완비, 장애인 주차구역",,있음,,있음,,8,35.092787,129.052819,https://blog.naver.com/dmswlsla92/224302839766
부산 송도·영도,천마산 복합전망대,관광명소,서구,부분,방문 후기 + 업체 표기,"화장실 휠체어 가능, 전망대 오르는 경사로는 힘듦, 일부 구간 이동 제약 있음",유모차·보행약자 경사로 이동 힘듦,,있음,있음,어려움,3,35.08775,129.018322,https://blog.naver.com/soccerboy77/224396579628
부산 송도·영도,송도조새호,식당,서구,가능,방문 후기 + 업체 표기,"출입구·좌석 휠체어 가능, 주차장 안쪽 엘리베이터로 2·3층 이동",,있음,,있음,,3,35.070654,129.018655,https://blog.naver.com/zhejr7/223898212909
부산 송도·영도,개미집 송도점,식당,서구,가능,방문 후기 + 업체 표기,2층 매장이지만 엘리베이터로 휠체어 이용 가능,,있음,,있음,,3,35.071747,129.017097,https://blog.naver.com/nfgup/223947337805
부산 송도·영도,샤브애작 송도점,식당,서구,가능,방문 후기 + 업체 표기,"2층 매장, 엘리베이터 있음, 좌석 휠체어·장애인 주차",,있음,,있음,,3,35.071605,129.017207,https://blog.naver.com/01_pororo/224361759992
부산 송도·영도,영도면옥,식당,영도구,가능,방문 후기 + 업체 표기,휠체어 출입 가능 확인된 1층 식당,,,,있음,,2,35.088123,129.072772,https://blog.naver.com/tybsjh/223742349351
부산 송도·영도,일월육일 부산송도점,식당,서구,가능,방문 후기,"3층 매장, 엘리베이터 이용, 전용 주차장",휠체어 직접 언급 없음,있음,,있음,,1,35.075309,129.016013,https://blog.naver.com/cooking_ong/224080022504
부산 송도·영도,EL16.52,카페,서구,가능,업체 표기만,"휠체어·좌석 휠체어 이용 가능 표기, 건물 내 주차장, 휠체어 이용 가능으로 판단",,,,있음,,7,35.063118,129.01944,https://blog.naver.com/dailyeon22/224396162313
부산 송도·영도,씨슬로우,카페,서구,가능,업체 표기만,"출입구 휠체어 가능, 장애인 주차구역 표기, 휠체어 이용 가능으로 판단",,,,있음,,5,35.071605,129.017207,https://blog.naver.com/haji3542/224241913544
부산 송도·영도,클램 하우스 부산송도본점,식당,서구,가능,업체 표기만,"출입구·좌석 휠체어 이용 가능, 앞 공영주차장",,,,있음,,5,35.071605,129.017207,https://blog.naver.com/hanna6883/224148483781
부산 송도·영도,최고밀양돼지국밥,식당,서구,가능,업체 표기만,"휠체어 가능 표기, 지하 1층 위치, 휠체어 이용 가능으로 판단","지하 1층 위치, 진입 방식 미확인",,,있음,,3,35.075302,129.016019,https://blog.naver.com/kim0450rla/224366988792
부산 송도·영도,속시원해대구탕 송도본점,식당,서구,가능,업체 표기만,"좌석 휠체어 이용 가능 표기, 옆 주차타워 이용, 휠체어 이용 가능으로 판단",,,,있음,,2,35.075942,129.016429,https://blog.naver.com/cooking_ong/224383344570
부산 송도·영도,칠암만장 영도점,식당,영도구,가능,업체 표기만,"좌석 휠체어 이용 가능 표기, 피아크 주차장 이용",출입구 표기 없음,,,있음,,1,35.087124,129.076737,https://blog.naver.com/suin72-/223763248273
부산 서면·부산역,초량이바구길,관광명소,동구,부분,방문 후기,"가파른 경사 지형에 엘리베이터식 모노레일 운행, 일부 구간 이동 제약 있음","급경사 지형, 모노레일 휠체어 탑승 여부 미확인",,,,,27,35.116821,129.036696,https://blog.naver.com/you1620/224290894098
부산 서면·부산역,리센테,카페,동구,가능,방문 후기 + 업체 표기,"휠체어 이용 가능, 부산역에서 단차 없는 보행데크로 연결","3층, tower 엘리베이터는 이용 불가",,,있음,가능,16,35.116084,129.045117,https://blog.naver.com/silverj93/224324314751
부산 서면·부산역,하이디라오 부산역점,식당,동구,가능,방문 후기 + 업체 표기,매장 내 엘리베이터 있어 유모차·휠체어 이용 가능,,있음,,있음,가능,10,35.113216,129.03839,https://blog.naver.com/ellin999/224067158264
부산 서면·부산역,시티호텔,숙박,동구,가능,방문 후기,"휠체어용 경사로와 턱 없는 입구, 휠체어 이용 가능으로 판단",,,,,,8,35.122757,129.044195,https://blog.naver.com/sumiiletter/223692645474
부산 서면·부산역,메종드루아,카페,동구,가능,방문 후기 + 업체 표기,"화장실·출입구·좌석 휠체어 가능, 부산역에서 평지 보행데크 연결",,,있음,있음,,8,35.11644,129.045911,https://blog.naver.com/ponlog/224123780796
부산 서면·부산역,마루팥빙수단팥죽 본점,카페,동구,가능,방문 후기 + 업체 표기,"2층 매장, 엘리베이터 이용, 좌석 휠체어 가능",주차는 인근 공영주차장,있음,,,,5,35.113518,129.038007,https://blog.naver.com/cre899/224403068111
부산 서면·부산역,비망록,카페,부산진구,불가,방문 후기,"엘리베이터 없는 3층 건물, 계단으로만 올라감",계단 전용,없음,,,,3,35.153891,129.061481,https://blog.naver.com/kjinsook2004/224273765122
부산 서면·부산역,삼진어묵 부산역광장점,식당,동구,가능,방문 후기,입구 계단 옆에 경사로가 있어 진입 가능,,,,,,2,35.116177,129.041346,https://blog.naver.com/ha_youll/223912878497
부산 서면·부산역,이재모피자 서면 중앙점(3호점),식당,부산진구,가능,방문 후기,"1·2층 구조, 엘리베이터 있어 유모차 무리 없음",휠체어 직접 언급 없음,있음,,,가능,2,35.154293,129.058687,https://blog.naver.com/jharee_/224135540704
부산 서면·부산역,덴바스타센트럴호텔,숙박,부산진구,가능,방문 후기,10층 호텔 건물에 엘리베이터 있음,휠체어 직접 언급 없음,있음,,,,1,35.154231,129.056139,https://blog.naver.com/on-mommy/224386485594
부산 서면·부산역,영주하늘눈전망대,관광명소,동구,부분,방문 후기,"영주 오름길 엘리베이터로 전망대 도달, 길에 따라 급경사",잘못 가면 가파른 경사로,있음,,,,1,35.114397,129.030348,https://blog.naver.com/odd242/223913072991
부산 서면·부산역,이재모피자 부산역점,식당,동구,가능,업체 표기만,"출입구 휠체어 이용 가능 표기, 2층 매장","2층 매장, 엘리베이터 여부 미확인",,,,,36,35.115111,129.039209,https://blog.naver.com/sael3927/224361622491
부산 서면·부산역,정짓간 부산역점,식당,동구,가능,업체 표기만,"출입구 휠체어 이용 가능 표기, 1·2층 운영 매장",전용 주차 불가,,,,,25,35.116008,129.039088,https://blog.naver.com/eun_jiya2101/224401177270
부산 서면·부산역,삼산면옥,식당,동구,가능,업체 표기만,"출입구 휠체어 이용 가능 표기, 테이블 간격 넉넉, 휠체어 이용 가능으로 판단",,,,,,5,35.118356,129.038233,https://blog.naver.com/audwls8354/224107335782
부산 서면·부산역,마티에 부산하버시티,숙박,동구,가능,업체 표기만,"휠체어 이용 가능 표기, 지하주차장 이용 신축 호텔",주차 시 호출로 예약자 확인 필요,,,있음,,4,35.118857,129.047929,https://blog.naver.com/er_ling/224361050979
부산 서면·부산역,라라관 부산본점,식당,부산진구,가능,업체 표기만,"출입구 휠체어 이용 가능 표기, 주차 불가, 휠체어 이용 가능으로 판단",,,,,,3,35.153052,129.062212,https://blog.naver.com/survivement/224377523128
부산 서면·부산역,아르반호텔,숙박,부산진구,가능,업체 표기만,"3성급 호텔, 휠체어 출입 가능 표기, 휠체어 이용 가능으로 판단",,,,,,2,35.15469,129.057244,https://blog.naver.com/wancamepr/224370118277
부산 서면·부산역,후발대,식당,부산진구,가능,업체 표기만,"업체 정보에 출입구 휠체어 이용 가능 표기, 휠체어 이용 가능으로 판단",,,,,,1,35.153524,129.057043,https://blog.naver.com/minjjang3280/224416584558
부산 광안리·대연,워킹홀리데이,카페,수영구,가능,방문 후기,"건물 7층, 엘리베이터로 이동, 휠체어 이용 가능으로 판단",매장이 7층,있음,,,,10,35.154681,129.119707,https://blog.naver.com/eddy0228/224298631036
부산 광안리·대연,부산박물관,문화시설,남구,가능,방문 후기,"유모차·휠체어 대여 가능, 지상 전용 주차장 운영, 휠체어 이용 가능으로 판단",주차 대기 혼잡,,,있음,가능,8,35.129555,129.092941,https://blog.naver.com/k-teamin-1013/224367496778
부산 광안리·대연,매드독스 광안리점,식당,수영구,가능,방문 후기,"2층 매장, 엘리베이터로 유모차 이동 가능, 휠체어 이용 가능으로 판단",매장이 2층,있음,,있음,가능,8,35.154617,129.119785,https://blog.naver.com/lovey_dogey/224381417506
부산 광안리·대연,카페181,카페,수영구,가능,방문 후기 + 업체 표기,"15층 엘리베이터 이동, 화장실·출입구·좌석 휠체어 가능",,있음,있음,있음,,5,35.150735,129.115903,https://blog.naver.com/hyukianger/224345658671
부산 광안리·대연,티티티,카페,수영구,가능,방문 후기 + 업체 표기,"출입구부터 내부까지 평탄, 4층 엘리베이터, 화장실 휠체어 가능",,있음,있음,있음,,5,35.155854,129.123048,https://blog.naver.com/seouldanurim/224383272792
부산 광안리·대연,뚜벅스 광안점,카페,수영구,가능,방문 후기,"7층 오션뷰 카페, 엘리베이터로 쉽게 접근",휠체어 직접 언급 없음,있음,,,,4,35.154777,129.120114,https://blog.naver.com/dd_my/224262809267
부산 광안리·대연,광안리 신라횟집,식당,수영구,가능,방문 후기 + 업체 표기,"경사로와 엘리베이터 있음, 출입구·좌석 휠체어 가능, 휠체어 이용 가능으로 판단",,있음,,,,2,35.155249,129.124557,https://blog.naver.com/su_plainlife/223911532935
부산 광안리·대연,뉴시즈광안호텔,숙박,수영구,가능,방문 후기,"호텔 내부 엘리베이터 이용 가능, 유모차 동반 방문 팁 있음",휠체어 직접 언급 없음,있음,,있음,가능,2,35.15765,129.128748,https://blog.naver.com/ihyun0419/224394061854
부산 광안리·대연,부산문화회관,문화시설,남구,가능,방문 후기,"잔디광장 일대 경사로와 산책로가 잘 조성됨, 휠체어 이용 가능으로 판단",건물 내부 접근성 정보 없음,,,,,1,35.127336,129.093788,https://blog.naver.com/pse2773/224417841210
부산 광안리·대연,초콜릿팩토리,문화시설,남구,가능,방문 후기,"지하 1층 공연장, 엘리베이터로 유모차 이동 편함, 휠체어 이용 가능으로 판단",지하 1층 위치,있음,,,가능,1,35.136654,129.098945,https://blog.naver.com/jiddumiss/224114166295
부산 광안리·대연,하코네라멘,식당,남구,불가,방문 후기,"진입부 계단으로 유모차·휠체어 진입 불가, 휠체어 이용 어려움",진입 계단,,,,어려움,1,35.134967,129.100218,https://blog.naver.com/aeg43210/223412126122
부산 광안리·대연,그릭하다 본점,카페,남구,불가,방문 후기,3층 매장인데 엘리베이터 없이 계단으로만 올라감,계단 전용 접근,없음,,,어려움,1,35.13542,129.100588,https://blog.naver.com/njys2/224422498406
부산 광안리·대연,미츠바,식당,남구,가능,방문 후기,"2층 일식당, 엘리베이터 있음",휠체어 직접 언급 없음,있음,,,,1,35.135534,129.098501,https://blog.naver.com/alfksdldhkep/224364915428
부산 광안리·대연,경성대학교 조류관,문화시설,남구,가능,공식 안내 인용,엘리베이터와 장애인 전용 화장실 갖춘 무료 전시관,주말·공휴일 휴관,있음,있음,,,1,35.138519,129.099319,https://blog.naver.com/bsnamgupb/223916258376
부산 광안리·대연,쿠우쿠우 경성대점,식당,남구,가능,업체 표기만,"출입구·좌석 휠체어 가능, 장애인 주차구역 있음","매장 3층, 엘리베이터 언급 없음",,,있음,,21,35.137336,129.099266,https://blog.naver.com/seo09206/223869994268
부산 광안리·대연,맥앤잭 로스터리,카페,남구,가능,업체 표기만,"출입구·좌석 휠체어 가능, 넓은 무료 주차장",,,,있음,,3,35.144822,129.096597,https://blog.naver.com/rloverr07/224298004142
부산 광안리·대연,비비드13,카페,수영구,가능,업체 표기만,화장실·좌석 휠체어 이용 가능 표기,"전용 주차 불가, 출입구 표기 없음",,있음,,,2,35.153221,129.116613,https://blog.naver.com/asdk9323/224172442702
부산 광안리·대연,조개대표 광안본점,식당,수영구,가능,업체 표기만,"화장실·출입구·좌석 휠체어 가능, 장애인 주차구역, 휠체어 이용 가능으로 판단",,,있음,있음,,1,35.149992,129.115305,https://blog.naver.com/general_hwang290/224204520852
부산 광안리·대연,시즌즈 광안점,카페,수영구,가능,업체 표기만,"1층 카페, 휠체어 가능 표기",,,,,,1,35.156765,129.12121,https://blog.naver.com/dreamer_63/224249141642
부산 해운대·기장,동백섬,관광명소,해운대구,가능,방문 후기,"섬 산책로가 유모차·휠체어 이용 가능한 길, 휠체어 이용 가능으로 판단",,,,,가능,12,35.153943,129.15229,https://blog.naver.com/forme4913/224143991308
부산 해운대·기장,해운대암소갈비집,식당,해운대구,가능,방문 후기 + 업체 표기,"출입구·화장실·좌석 휠체어 가능, 1층 장애인 화장실 있음",,,있음,있음,,8,35.163114,129.166465,https://blog.naver.com/khsyhj0702/224385209401
부산 해운대·기장,씨라이프 부산아쿠아리움,문화시설,해운대구,가능,방문 후기,"매표소에서 휠체어·유모차 대여, 전 구역 유모차 경사로",,,,있음,가능,7,35.159354,129.160999,https://blog.naver.com/sanotker/224422216768
부산 해운대·기장,누리마루 APEC하우스,문화시설,해운대구,가능,방문 후기,"동백섬 산책로 통해 접근, 휠체어용 경사로 잘 갖춰짐, 휠체어 이용 가능으로 판단",,,,,,4,35.152335,129.151326,https://kim261143.tistory.com/13
부산 해운대·기장,부산엑스더스카이,관광명소,해운대구,가능,방문 후기,휠체어·유모차는 엘리베이터로 층간 이동 가능한 전망대,층간 이동 시 직원 안내 요청,있음,,,가능,4,35.159587,129.169734,https://blog.naver.com/engkang91/224287578802
부산 해운대·기장,금수복국 해운대본점,식당,해운대구,가능,방문 후기,"건물 입구 경사로 잘 조성, 매장 앞 주차 가능, 휠체어 이용 가능으로 판단",,,,있음,가능,3,35.162395,129.164447,https://blog.naver.com/cherryblossom86/224417085646
부산 해운대·기장,베스트루이스해밀턴호텔 기장점,숙박,기장군,가능,방문 후기,호텔 엘리베이터로 루프탑 수영장까지 이동,휠체어 직접 언급 없음,있음,,,,2,35.249466,129.209545,https://blog.naver.com/mooguess/224400244767
부산 해운대·기장,퓨리티카페,카페,기장군,가능,방문 후기,"입구 두 곳 중 한쪽은 낮고 짧은 경사로, 휠체어 이용 가능으로 판단",다른 입구는 작은 계단 2개,,,,가능,1,35.24693,129.213606,https://blog.naver.com/ellin999/224135476858
부산 해운대·기장,칠암만장 해운대,식당,해운대구,불가,방문 후기,엘리베이터 없이 계단만 이용해야 한다는 안내문 있음,계단 전용 입구,없음,,있음,,1,35.162492,129.158595,https://blog.naver.com/littlesorest__/224385847042
부산 해운대·기장,라비앙즈 해운대에비뉴,숙박,해운대구,가능,방문 후기,주차장에서 엘리베이터로 1층 리셉션 이동,휠체어 직접 언급 없음,있음,,있음,,1,35.16163,129.15851,https://blog.naver.com/uinq7962/224354811722
부산 해운대·기장,프레스트,카페,기장군,가능,방문 후기,한옥카페지만 경사로가 있어 유모차로 편하게 진입,휠체어 직접 언급 없음,,,,가능,1,35.256906,129.216984,https://blog.naver.com/lucir-b/224286810888
부산 해운대·기장,브레이크인커피 기장,카페,기장군,가능,업체 표기만,"출입구·좌석 휠체어 가능 표기, 전용 주차장, 휠체어 이용 가능으로 판단",,,,있음,,3,35.245817,129.215071,https://blog.naver.com/the_rabbix_blog/224422138909
부산 해운대·기장,기장명품대게,식당,기장군,가능,업체 표기만,"화장실·출입구·좌석 휠체어 가능, 장애인 주차구역",,,있음,있음,,3,35.24434,129.215752,https://blog.naver.com/this7970/224244918864
부산 해운대·기장,대게하우스,식당,기장군,가능,업체 표기만,"출입구·좌석 휠체어 가능, 장애인 주차구역 표기, 휠체어 이용 가능으로 판단",,,,있음,,1,35.244503,129.215743,https://blog.naver.com/c_chh/224397130925
부산 동래·연제·금정,카페칵터스,카페,연제구,가능,방문 후기 + 업체 표기,"휠체어 이용 가능한 대형카페, 무료 주차",,,,있음,,15,35.187987,129.086597,https://blog.naver.com/star_doll/224359358335
부산 동래·연제·금정,수안커피컴퍼니 커피하우스,카페,동래구,가능,방문 후기 + 업체 표기,완만한 경사로 입구로 휠체어·유모차 이동 편리,입구까지 경사로로 내려가야 함,,,있음,가능,7,35.199795,129.086699,https://blog.naver.com/yeah_53/224215834254
부산 동래·연제·금정,밀보스79,식당,동래구,부분,방문 후기 + 업체 표기,입구 계단이나 벨 누르면 직원이 간이 경사로 설치,"입구 계단, 벨 호출 후 직원 도움 필요",,,있음,,7,35.205792,129.080285,https://blog.naver.com/laie33988/224144225843
부산 동래·연제·금정,갓파스시,식당,연제구,가능,방문 후기,"1층 입구 안에 계단과 엘리베이터, 넓은 주차장, 휠체어 이용 가능으로 판단",,있음,,있음,,6,35.188587,129.085326,https://blog.naver.com/blossom2649/224382665628
부산 동래·연제·금정,복천박물관,문화시설,동래구,부분,방문 후기,"주차장에 장애인 화장실, 고분군 둘레길은 경사 있음, 일부 구간 이동 제약 있음",고분군 둘레 경사로가 꽤 가파름,,있음,있음,,5,35.208831,129.091158,https://blog.naver.com/wo_obo-record/224026653261
부산 동래·연제·금정,수복돼지국밥 연산점,식당,연제구,가능,방문 후기,"매장 2층, 엘리베이터로 이동, 1층 전용 주차장, 휠체어 이용 가능으로 판단",매장이 2층,있음,,있음,,2,35.185821,129.086875,https://blog.naver.com/duroni/224351935961
부산 동래·연제·금정,CGV 동래,문화시설,금정구,가능,방문 후기,"상가 엘리베이터로 극장 이동, 엘리베이터 종류 구분 필요",엘리베이터 잘못 타면 동선 번거로움,있음,,,,1,35.221443,129.085533,https://blog.naver.com/in-jeong-story/223856794449
부산 동래·연제·금정,아르반시티호텔,숙박,연제구,가능,방문 후기,로비 입구에 계단과 함께 경사로가 있어 진입 가능,,,,있음,,1,35.186912,129.083382,https://blog.naver.com/travel_cherish/224119702740
부산 동래·연제·금정,호텔농심,숙박,금정구,가능,공식 안내 인용,"허심청에 휠체어 경사로, 엘리베이터, 점자 안내 구비, 휠체어 이용 가능으로 판단",,있음,,있음,,1,35.220252,129.082262,https://a.5emcn071.com/133
부산 동래·연제·금정,라운지,카페,연제구,가능,업체 표기만,"출입구·좌석 휠체어 가능, 장애인 주차구역",,,,있음,,40,35.182525,129.079639,https://blog.naver.com/cyoung_0/224409403785
부산 동래·연제·금정,포맨티코,식당,금정구,가능,업체 표기만,"1층, 출입구·좌석 휠체어 가능, 장애인 주차구역",,,,있음,,9,35.228419,129.087832,https://blog.naver.com/adorable_sy97/224163326036
부산 동래·연제·금정,티앤북스 부산대,카페,금정구,가능,업체 표기만,"출입구 휠체어 이용 가능, 장애인 주차구역","4층 매장, 엘리베이터 여부 미확인",,,있음,,3,35.230809,129.087988,https://blog.naver.com/cny08/224017807329
부산 동래·연제·금정,봉평막국수 동래본점,식당,동래구,가능,업체 표기만,"출입구·좌석 휠체어 가능, 장애인 주차구역 표기, 휠체어 이용 가능으로 판단",,,,있음,,2,35.201861,129.082944,https://blog.naver.com/easy_mini-/224333114060
부산 동래·연제·금정,녹산횟집,식당,연제구,가능,업체 표기만,"업체 정보에 휠체어 이용 가능 표기, 주차 가능, 휠체어 이용 가능으로 판단",,,,있음,,1,35.183909,129.081101,https://blog.naver.com/foodf29/224402683779
부산 동래·연제·금정,식당3선 금정점,식당,금정구,가능,업체 표기만,"휠체어 이용 가능, 장애인 주차구역 있음 표기",,,,있음,,1,35.23707,129.091233,https://blog.naver.com/macqueen_/224092194992
부산 동래·연제·금정,사이먼커피,카페,연제구,가능,업체 표기만,출입구·좌석 휠체어 가능 표기,전용 주차장 없음,,,,,1,35.182358,129.079086,https://blog.naver.com/iousek2121/224342901751
부산 동래·연제·금정,하얏트 플레이스 부산 연산,숙박,연제구,가능,업체 표기만,지도 정보에 휠체어 출입 가능 표기,,,,,,1,35.187695,129.080603,https://blog.naver.com/bmseo0124/224184818326
부산 서부산,원더스페이스 부산명지점,관광명소,강서구,가능,방문 후기,주차 후 엘리베이터로 바로 입장하는 실내 테마파크,휠체어 직접 언급 없음,있음,,있음,,9,35.093905,128.90158,https://blog.naver.com/kjhoon921/224362095012
부산 서부산,홍유단 사상점,식당,사상구,가능,방문 후기 + 업체 표기,"2·3층 매장, 엘리베이터·넓은 주차장, 휠체어 가능",,있음,,있음,가능,5,35.160829,128.984511,https://blog.naver.com/bum_159/224362102501
부산 서부산,풍원장집밥 명지점,식당,강서구,가능,방문 후기 + 업체 표기,"출입구·좌석 휠체어 가능, 지하주차 후 엘리베이터 이용",,있음,,있음,,3,35.091421,128.908802,https://blog.naver.com/lovejsh94/224298963565
부산 서부산,용이초밥 사상점,식당,사상구,가능,방문 후기 + 업체 표기,2층이지만 엘리베이터 있어 유모차·거동불편자 이동 쉬움,,있음,,있음,가능,3,35.162597,128.985178,https://blog.naver.com/happy_leejeong/224313473298
부산 서부산,샤브향 부산사상점,식당,사상구,가능,방문 후기,"2층 매장, 엘리베이터로 이동, 주차 1시간 지원, 휠체어 이용 가능으로 판단",매장이 2층,있음,,있음,,2,35.163383,128.985193,https://blog.naver.com/hjhsyj/224187533518
부산 서부산,공감식당 덕천점,식당,북구,가능,방문 후기,매장 내부에 엘리베이터가 있어 층간 이동 가능,휠체어 직접 언급 없음,있음,,,,2,35.210119,129.008296,https://blog.naver.com/ufosun27/224154170135
부산 서부산,신라농원,식당,북구,가능,방문 후기,"넓은 자동문 입구 경사로, 내부 턱 없고 공간 넓음, 휠체어 이용 가능으로 판단",,,,,,1,35.211675,129.005958,https://blog.naver.com/gr-il/222054721356
부산 서부산,명지철새탐조대,관광명소,강서구,가능,방문 후기,"경사로 있어 유아차·휠체어로 탐조대 진입 가능, 휠체어 이용 가능으로 판단",,,,,가능,1,35.084084,128.911806,https://blog.naver.com/holy2939/223743281613
부산 서부산,달빛에구운고등어 명지국제신도시점,식당,강서구,불가,방문 후기,"엘리베이터 없이 입구 계단, 단차 있어 휠체어 방문 어려움",입구 계단 단차,없음,,,어려움,1,35.091007,128.901995,https://blog.naver.com/uriuritnwl/224364018498
부산 서부산,텍사스파파 크레페 덕천점,카페,북구,가능,방문 후기,"가게 입구 문턱 없어 유모차 진입 무난, 휠체어 이용 가능으로 판단",,,,,가능,1,35.209833,129.007415,https://blog.naver.com/youngsul725/224321279768
부산 서부산,리바레,카페,강서구,가능,업체 표기만,"좌석 휠체어 가능, 장애인 주차구역 표기, 휠체어 이용 가능으로 판단",,,,있음,,8,35.092874,128.910382,https://blog.naver.com/ramnyam22/224347912548
부산 서부산,라캄포다이닝 본점,식당,강서구,가능,업체 표기만,"출입구·좌석 휠체어 가능, 장애인 주차구역",,,,있음,,3,35.091061,128.901596,https://blog.naver.com/go95830/224321581685
부산 서부산,모닭불 본점,식당,사상구,가능,업체 표기만,"입구 휠체어 이용 가능 표기, 넓은 자체 주차장, 휠체어 이용 가능으로 판단",,,,있음,,2,35.164486,128.981011,https://blog.naver.com/viva_sally/224248262217
부산 서부산,사상생활사박물관,문화시설,사상구,가능,업체 표기만,"엘리베이터, 장애인 화장실, 수유실 갖춤, 휠체어 이용 가능으로 판단",,있음,있음,,,2,35.172023,128.978747,https://blog.naver.com/britney0603/224411363364
부산 서부산,동래정 부산명지점,식당,강서구,가능,업체 표기만,"출입구·좌석 휠체어 가능, 장애인 주차구역 표기, 휠체어 이용 가능으로 판단",,,,있음,,2,35.093455,128.909159,https://blog.naver.com/amy7176/223888492084
부산 서부산,보드게임카페 레드버튼 덕천점,카페,북구,가능,업체 표기만,"업체 정보에 휠체어 출입 가능 표기, 휠체어 이용 가능으로 판단",,,,,,1,35.210008,129.006935,https://blog.naver.com/ck3691/223922681642
