장소,분류,지역,휠체어_판정,근거유형,근거요약,주의사항,유모차,엘리베이터,장애인화장실,장애인주차,언급글수,OSM등록,대표출처
경산돌짜장,식당,경산 시내,가능,방문+표기,"단차 없음·입구 경사로, 배리어프리 표기",,가능,,,,2,,https://blog.naver.com/kotcjw/224309130399
까사평사,카페,진량(대구대),부분,방문+표기,"출입구·좌석 휠체어 가능 표기, 내부 턱 없음","진입로 언덕·경사 가파름, 보호자 동반 권장",가능,,,,4,,https://blog.naver.com/purplesky_19/224370892136
섬섬밀밀,카페,진량(대구대),부분,방문+표기,"출입구·좌석 휠체어 가능, 장애인주차 표기",엘리베이터 없음(방문자),가능,없음,,있음,3,,https://blog.naver.com/hanjang555/224366989361
카페 월화수,카페,영남대 인근,가능,방문+표기,"화장실·출입구·좌석 휠체어 가능, 옆문 경사로",,가능,,있음,있음,4,,https://blog.naver.com/cookie_rumi/224393272025
카페동이 영남대아트센터점,식당,영남대,가능,방문+표기,"엘리베이터 있음, 휠체어 이용 가능",,,있음,,있음,3,,https://blog.naver.com/topblessu/224351646786
더웨이투커피,카페,압량,가능,방문+표기,"2~3층 매장·엘리베이터, 화장실·출입구·좌석 휠체어 가능",,가능,있음,있음,있음,5,,https://blog.naver.com/tiger7862/224304537306
하말,카페,와촌(갓바위),가능,방문+표기,"입구 반대편 경사로 별도, 출입구·좌석 휠체어",,가능,,,있음,2,,https://blog.naver.com/gkuumza/224393035885
일품집 경산옥산점,식당,옥산동,가능,방문,입구 큰 턱 없이 경사로,,가능,,,,1,,https://blog.naver.com/bok_sill_/224416962903
본가안동국시,식당,경산 시내,가능,방문,"휠체어 진입 가능, 휠체어 길 있음",,,,,,2,,https://blog.naver.com/thesound6260/224384468790
서온반,식당,경산 시내,가능,방문,휠체어·유모차용 경사로 별도,,가능,,,,1,,https://blog.naver.com/sye00n/224385518849
삼동소바,식당,하양,가능,방문,매장 진입부 경사로,,가능,,,,1,,https://blog.naver.com/jjongdar0219/223775584544
아이올리,카페,경산,가능,방문,입구 경사로,,가능,,,,1,,https://blog.naver.com/ji9270/224417539666
카페 CW,카페,경산,가능,방문,카페 전용 엘리베이터(2층 매장),,가능,있음,,,1,,https://blog.naver.com/09__25k/224319935980
동천면옥,식당,계양동,부분,방문,계단과 경사로 병존,,,,,,1,,https://blog.naver.com/rlawls0314/224398811535
경산역,교통,중앙동,가능,방문,리모델링 후 엘리베이터·에스컬레이터,,,있음,,,1,yes(일치),https://blog.naver.com/rosejm24/223800282981
씨네큐 대구경산점,문화,임당,가능,방문,엘리베이터로 주차장 연결,에스컬레이터로는 주차장 불가,,있음,,,1,,https://blog.naver.com/laseul/224421591798
경일대학교 5호관,교육,하양,가능,방문,장애인 경사로 있음(시험장 안내),주차 협소,,,,,1,,https://blog.naver.com/ooz-z/224142000876
삼성현공원,공원,남산면,미확인,방문,"유모차 이용 가능, 실내 영아놀이터",휠체어 직접 언급 없음,가능,,,,1,,https://blog.naver.com/habbu-/224268516832
영남대 자야,주점,영남대,불가,방문,"2층, 계단만",,,없음,,,1,,https://blog.naver.com/sooeat/224414558408
히어로보드게임카페 영남대점,여가,영남대,불가,방문,"2층, 계단만 이용 가능",,,없음,,,1,,https://blog.naver.com/hanna0960/224365417847
카페엔라포토,카페,사정동(경산역),부분,방문,입구에 턱,휠체어·유모차 불편 언급,어려움,,,,1,,https://blog.naver.com/dgskyroad/224279110064
행복담은사진관,생활,중방동,불가,방문,"2층, 엘리베이터 없음, 계단 가파름",,어려움,없음,,,1,,https://blog.naver.com/0ooo000/223785560029
팔공산 갓바위(경산 와촌 코스),관광,와촌,불가,방문,계단 많음,대구 코스보다 완만하나 계단 구간,,,,,2,,https://okok2da.com/64
팔공산엄마밥상 경산점,식당,경산 시내,가능,표기,출입구·좌석 휠체어 가능,,,,,,1,,https://blog.naver.com/greenti_610/224265051782
쭈나라꾸미,식당,사정동,가능,표기,출입구 휠체어 가능,,,,,,1,,https://blog.naver.com/loopysd0619/224249924005
샤브힐즈,식당,중산동,가능,표기,"화장실·출입구·좌석 휠체어, 장애인주차",2층 매장(승강기 여부 미기재),,,있음,있음,1,,https://blog.naver.com/flowdaily/224402634178
손시스시 영남대본점,식당,영남대,가능,표기,출입구 휠체어 출입 가능,,,,,,1,,https://blog.naver.com/hwai22/224393539997
교동면옥 경산중방점,식당,중방동,가능,표기,휠체어 이용 가능,,,,,,2,,https://blog.naver.com/miraangel2/224400874905
비발디,카페,진량,가능,표기,출입구 휠체어 가능,,,,,,2,,https://blog.naver.com/healthydietm/224422602196
브리프저니,카페,남산면,가능,표기,"출입구·좌석 휠체어, 장애인주차",,가능,,,있음,3,,https://blog.naver.com/charm_ks/224416160686
핸즈커피 하양점,카페,하양,가능,표기,휠체어 이용 가능,,,,,,1,,https://blog.naver.com/kangheeju2486/224418006355
그린에이지,카페,남산면(상대온천),부분,표기,좌석 휠체어 가능만 표기,출입구 정보 없음,,,,,1,,https://blog.naver.com/yuniary-/224070331793
팔공큰돼지찌개 사동점,식당,사동,가능,표기,출입구·좌석 휠체어 가능,,,,,,4,,https://blog.naver.com/kaonge/224131437309
꽃돼지식당 경산점,식당,경산,가능,표기,휠체어 이용 가능,,,,,,1,,https://blog.naver.com/jeje787/224383844715
커피키친한일 하양본점,카페,하양,가능,표기,출입구·좌석 휠체어 가능,,,,,,1,,https://blog.naver.com/tastylife365/224373997395
고모역쭈꾸미 삼성현점,식당,남산면,가능,표기,출입구·좌석 휠체어 가능,,,,,,1,,https://blog.naver.com/dmswn2205/224367560042
경수산은지물회,식당,계양동(임당),가능,표기,"출입구 휠체어, 장애인주차",,,,,있음,1,,https://blog.naver.com/poplarvintage/224414333028
곳간속으로,식당,경산,가능,표기,휠체어 이용 가능,,,,,,1,,https://blog.naver.com/kyujjeong1025/224387885381
라라코스트 하양점,식당,하양,가능,표기,"화장실·출입구·좌석 휠체어, 장애인주차",2층 매장,,,있음,있음,1,,https://blog.naver.com/yyyyjjjj18/224320348076
행운의시간,카페,경산(한의대로),가능,표기,휠체어 가능,,,,,,1,,https://blog.naver.com/suhope3/224271305905
복어세상 경산본점,식당,진량,가능,표기,"출입구 휠체어, 장애인주차",,,,,있음,1,,https://blog.naver.com/anna7151/224110014214
정육회 경산영남대본점,주점,영남대,가능,표기,출입구·좌석 휠체어 가능,,,,,,2,,https://blog.naver.com/0dubi0/224103719377
그랜드대디,카페,압량,가능,표기,화장실·출입구·좌석 휠체어 가능,,,,있음,,1,,https://blog.naver.com/tdc03090/224216094576
라운즈 대구영남대점,생활,계양동,가능,표기,"출입구·좌석 휠체어, 장애인주차",홍보성 반복 게시 의심(13건),,,,있음,13,,https://blog.naver.com/neokill/224309206589
엄경혜에스테틱,생활,하양,가능,방문,"3층, 엘리베이터 있음",,,있음,,,1,,https://blog.naver.com/anda112075/224324416425
굳뜨헤어,생활,영남대,가능,방문,"2층, 엘리베이터 있음",,,있음,,,1,,https://blog.naver.com/boyeongmin/224406924730
피크짐 경산점,생활,사동,가능,방문,엘리베이터 있음,,,있음,,,1,,https://blog.naver.com/zgzgzg159/224310317349
