osm_id,이름,분류,wheelchair,toilets:wheelchair,위도,경도,비고
n366677068,경산역,교통(역),yes,,35.81933,128.72761,한국철도공사 / 도시철도 환승
n7077071800,대한노인회 자인면분회,복지시설,yes,,35.81674,128.82437,자인면 자인로 188-12
n7095717751,경산시청 별관,공공기관,yes,,35.82451,128.74034,원효로 23
w115845182,공과대학 7호관(정보통신대학 2호관),대학 건물,yes,yes,35.90017,128.85446,대구대 경산캠퍼스 추정
w115845185,재활과학대학,대학 건물,yes,yes,35.9,128.85302,대구대 경산캠퍼스 추정
w468967476,창업보육센터,대학 건물,yes,,35.82611,128.75626,대학로 280 (영남대)
w684972728,공중화장실(이름 없음),화장실,yes,,35.91283,128.80868,남녀공용
w115823447,"주차장(이름 없음, 100면)",주차장,yes,,35.89905,128.84537,
n11828697312,출입구(이름 없음),출입구,yes,,35.84165,128.77401,동일 시설 추정 그룹 A
n11829746762,"출입구(이름 없음, 1층 보조)",출입구,limited,,35.84259,128.77448,그룹 A
n11829746765,"출입구(이름 없음, 1층)",출입구,limited,,35.8426,128.77464,그룹 A
n11829746763,출입문(롤링게이트),게이트,yes,,35.84275,128.7745,그룹 A
n11829746764,"출입문(롤링게이트, 잠김)",게이트,limited,,35.8429,128.77451,그룹 A
w1273635757,출입문(잠김),게이트,limited,,35.84181,128.77359,그룹 A
w1273635763,출입문(잠김),게이트,limited,,35.8417,128.77393,그룹 A
w1273858529,"출입문(롤링게이트, 잠김)",게이트,limited,,35.84269,128.77443,그룹 A
w930662213,산책로(비포장),보행로,no,,35.80128,128.7267,surface=unpaved
w930662214,산책로(비포장),보행로,no,,35.80511,128.71945,surface=unpaved
